Workbook

Sheet Results_Table7
A1: Adaptation Stage | B1: Metric | C1: Run 1 | D1: Run 2 | E1: Run 3 | F1: Run 4 | G1: Run 5 | H1: Run 6 | I1: Run 7 | J1: Run 8 | K1: Run 9 | L1: Run 10 | M1: Run 11 | N1: Run 12 | O1: Run 13 | P1: Run 14 | Q1: Run 15 | R1: Run 16 | S1: Run 17 | T1: Run 18 | U1: Run 19 | V1: Run 20 | W1: Mean | X1: SD | Y1: CV (%) | Z1: Min | AA1: Max
A2: N_min^PM | B2: MAE | C2: 6.52 | D2: 6.3382 | E2: 5.763 | F2: 5.3843 | G2: 6.4106 | H2: 5.4845 | I2: 5.4312 | J2: 4.3765 | K2: 6.0403 | L2: 5.4327 | M2: 5.6136 | N2: 6.0026 | O2: 6.5469 | P2: 5.6998 | Q2: 6.3763 | R2: 5.8202 | S2: 7.4569 | T2: 5.8345 | U2: 6.5478 | V2: 5.282 | W2: =AVERAGE(C2:V2) -> 5.918095 | X2: =_xlfn.STDEV.S(C2:V2) -> 0.6521606 | Y2: =IFERROR(X2/ABS(W2)*100,"") -> 11.019772 | Z2: =MIN(C2:V2) -> 4.3765 | AA2: =MAX(C2:V2) -> 7.4569
A3: N_min^PM | B3: RMSE | C3: 8.3326 | D3: 6.5338 | E3: 7.5512 | F3: 9.0558 | G3: 8.7595 | H3: 7.1886 | I3: 9.079 | J3: 6.9687 | K3: 7.787 | L3: 8.7532 | M3: 6.6306 | N3: 9.2629 | O3: 7.1158 | P3: 6.52 | Q3: 8.6486 | R3: 7.6309 | S3: 7.0184 | T3: 8.0517 | U3: 8.0933 | V3: 7.244 | W3: =AVERAGE(C3:V3) -> 7.81128 | X3: =_xlfn.STDEV.S(C3:V3) -> 0.90279266 | Y3: =IFERROR(X3/ABS(W3)*100,"") -> 11.557551 | Z3: =MIN(C3:V3) -> 6.52 | AA3: =MAX(C3:V3) -> 9.2629
A4: N_min^PM | B4: sMAPE (%) | C4: 16.7718 | D4: 14.2415 | E4: 17.16 | F4: 19.1486 | G4: 15.837 | H4: 16.1279 | I4: 16.7387 | J4: 17.0408 | K4: 14.8702 | L4: 18.2809 | M4: 17.742 | N4: 18.2758 | O4: 17.6737 | P4: 18.101 | Q4: 18.2274 | R4: 14.5937 | S4: 15.7316 | T4: 16.5593 | U4: 18.075 | V4: 16.2724 | W4: =AVERAGE(C4:V4) -> 16.873465 | X4: =_xlfn.STDEV.S(C4:V4) -> 1.3567037 | Y4: =IFERROR(X4/ABS(W4)*100,"") -> 8.0404571 | Z4: =MIN(C4:V4) -> 14.2415 | AA4: =MAX(C4:V4) -> 19.1486
A5: N_min^PM | B5: R2 | C5: 0.7555 | D5: 0.7399 | E5: 0.7767 | F5: 0.7542 | G5: 0.7392 | H5: 0.7867 | I5: 0.702 | J5: 0.7457 | K5: 0.7058 | L5: 0.7072 | M5: 0.724 | N5: 0.7484 | O5: 0.7624 | P5: 0.7231 | Q5: 0.7106 | R5: 0.7254 | S5: 0.8034 | T5: 0.7705 | U5: 0.7379 | V5: 0.7093 | W5: =AVERAGE(C5:V5) -> 0.741395 | X5: =_xlfn.STDEV.S(C5:V5) -> 0.028783703 | Y5: =IFERROR(X5/ABS(W5)*100,"") -> 3.8823708 | Z5: =MIN(C5:V5) -> 0.702 | AA5: =MAX(C5:V5) -> 0.8034
A6: +24 h | B6: MAE | C6: 4.7935 | D6: 5.35 | E6: 4.994 | F6: 5.2152 | G6: 5.6067 | H6: 5.9551 | I6: 6.4131 | J6: 5.3722 | K6: 4.2212 | L6: 5.075 | M6: 4.9198 | N6: 6.7756 | O6: 4.778 | P6: 5.6777 | Q6: 5.345 | R6: 5.7169 | S6: 4.2255 | T6: 5.5785 | U6: 4.9595 | V6: 5.2822 | W6: =AVERAGE(C6:V6) -> 5.312735 | X6: =_xlfn.STDEV.S(C6:V6) -> 0.63244614 | Y6: =IFERROR(X6/ABS(W6)*100,"") -> 11.904342 | Z6: =MIN(C6:V6) -> 4.2212 | AA6: =MAX(C6:V6) -> 6.7756
A7: +24 h | B7: RMSE | C7: 8.1781 | D7: 7.8713 | E7: 8.1433 | F7: 5.8679 | G7: 7.5658 | H7: 7.4427 | I7: 6.617 | J7: 7.2739 | K7: 6.766 | L7: 6.2656 | M7: 6.9358 | N7: 6.7129 | O7: 7.4824 | P7: 7.1927 | Q7: 7.1704 | R7: 7.3448 | S7: 6.5802 | T7: 6.727 | U7: 5.7355 | V7: 6.8426 | W7: =AVERAGE(C7:V7) -> 7.035795 | X7: =_xlfn.STDEV.S(C7:V7) -> 0.66573963 | Y7: =IFERROR(X7/ABS(W7)*100,"") -> 9.4621806 | Z7: =MIN(C7:V7) -> 5.7355 | AA7: =MAX(C7:V7) -> 8.1781
A8: +24 h | B8: sMAPE (%) | C8: 15.9089 | D8: 13.7122 | E8: 15.6464 | F8: 14.3549 | G8: 14.6539 | H8: 15.5691 | I8: 15.7391 | J8: 17.2218 | K8: 14.2264 | L8: 16.0901 | M8: 13.0819 | N8: 13.3366 | O8: 16.2517 | P8: 14.8663 | Q8: 15.1503 | R8: 15.519 | S8: 15.3813 | T8: 16.9352 | U8: 16.5352 | V8: 16.0234 | W8: =AVERAGE(C8:V8) -> 15.310185 | X8: =_xlfn.STDEV.S(C8:V8) -> 1.1407403 | Y8: =IFERROR(X8/ABS(W8)*100,"") -> 7.4508592 | Z8: =MIN(C8:V8) -> 13.0819 | AA8: =MAX(C8:V8) -> 17.2218
A9: +24 h | B9: R2 | C9: 0.7951 | D9: 0.7873 | E9: 0.7499 | F9: 0.8015 | G9: 0.7792 | H9: 0.7511 | I9: 0.8182 | J9: 0.7899 | K9: 0.8051 | L9: 0.7824 | M9: 0.7775 | N9: 0.779 | O9: 0.7995 | P9: 0.7637 | Q9: 0.7628 | R9: 0.7817 | S9: 0.7948 | T9: 0.7612 | U9: 0.7748 | V9: 0.7845 | W9: =AVERAGE(C9:V9) -> 0.78196 | X9: =_xlfn.STDEV.S(C9:V9) -> 0.018025257 | Y9: =IFERROR(X9/ABS(W9)*100,"") -> 2.305138 | Z9: =MIN(C9:V9) -> 0.7499 | AA9: =MAX(C9:V9) -> 0.8182
A10: +72 h | B10: MAE | C10: 4.8736 | D10: 5.7367 | E10: 4.2885 | F10: 4.4433 | G10: 4.3858 | H10: 4.4197 | I10: 4.534 | J10: 4.9944 | K10: 4.9676 | L10: 5.1402 | M10: 4.4908 | N10: 5.1636 | O10: 4.7751 | P10: 4.7121 | Q10: 5.5295 | R10: 4.5488 | S10: 4.5223 | T10: 4.2013 | U10: 4.5012 | V10: 4.1081 | W10: =AVERAGE(C10:V10) -> 4.71683 | X10: =_xlfn.STDEV.S(C10:V10) -> 0.43145425 | Y10: =IFERROR(X10/ABS(W10)*100,"") -> 9.1471232 | Z10: =MIN(C10:V10) -> 4.1081 | AA10: =MAX(C10:V10) -> 5.7367
A11: +72 h | B11: RMSE | C11: 6.6358 | D11: 6.0674 | E11: 5.9723 | F11: 6.8607 | G11: 6.358 | H11: 6.0302 | I11: 5.7753 | J11: 7.1805 | K11: 6.4195 | L11: 6.8887 | M11: 5.1932 | N11: 6.4514 | O11: 6.0386 | P11: 5.3282 | Q11: 5.44 | R11: 6.5982 | S11: 5.5113 | T11: 7.5334 | U11: 7.4937 | V11: 5.5987 | W11: =AVERAGE(C11:V11) -> 6.268755 | X11: =_xlfn.STDEV.S(C11:V11) -> 0.69607723 | Y11: =IFERROR(X11/ABS(W11)*100,"") -> 11.103915 | Z11: =MIN(C11:V11) -> 5.1932 | AA11: =MAX(C11:V11) -> 7.5334
A12: +72 h | B12: sMAPE (%) | C12: 12.8958 | D12: 13.6867 | E12: 13.0129 | F12: 12.5549 | G12: 12.9942 | H12: 12.6815 | I12: 15.7827 | J12: 14.6444 | K12: 14.3288 | L12: 11.6825 | M12: 13.2031 | N12: 14.3401 | O12: 14.4993 | P12: 13.7788 | Q12: 14.252 | R12: 13.3235 | S12: 14.406 | T12: 13.5595 | U12: 12.8042 | V12: 15.009 | W12: =AVERAGE(C12:V12) -> 13.671995 | X12: =_xlfn.STDEV.S(C12:V12) -> 0.98482193 | Y12: =IFERROR(X12/ABS(W12)*100,"") -> 7.2032057 | Z12: =MIN(C12:V12) -> 11.6825 | AA12: =MAX(C12:V12) -> 15.7827
A13: +72 h | B13: R2 | C13: 0.8032 | D13: 0.8502 | E13: 0.8187 | F13: 0.8199 | G13: 0.8214 | H13: 0.8053 | I13: 0.8221 | J13: 0.8127 | K13: 0.8152 | L13: 0.8304 | M13: 0.8188 | N13: 0.8026 | O13: 0.7946 | P13: 0.8377 | Q13: 0.8155 | R13: 0.8284 | S13: 0.8237 | T13: 0.8099 | U13: 0.8176 | V13: 0.7913 | W13: =AVERAGE(C13:V13) -> 0.81696 | X13: =_xlfn.STDEV.S(C13:V13) -> 0.013986287 | Y13: =IFERROR(X13/ABS(W13)*100,"") -> 1.7119916 | Z13: =MIN(C13:V13) -> 0.7913 | AA13: =MAX(C13:V13) -> 0.8502
... A21: Continual | B21: R2 | C21: 0.8601 | D21: 0.8734 | E21: 0.8676 | F21: 0.8728 | G21: 0.8605 | H21: 0.8644 | I21: 0.8675 | J21: 0.8763 | K21: 0.8707 | L21: 0.8752 | M21: 0.8676 | N21: 0.8773 | O21: 0.8724 | P21: 0.8817 | Q21: 0.8816 | R21: 0.8745 | S21: 0.8798 | T21: 0.8659 | U21: 0.8908 | V21: 0.8688 | W21: =AVERAGE(C21:V21) -> 0.872445 | X21: =_xlfn.STDEV.S(C21:V21) -> 0.0076162206 | Y21: =IFERROR(X21/ABS(W21)*100,"") -> 0.87297429 | Z21: =MIN(C21:V21) -> 0.8601 | AA21: =MAX(C21:V21) -> 0.8908

Sheet Table7_Summary
A1: Adaptation Stage | B1: MAE | C1: RMSE | D1: sMAPE (%) | E1: R2 | F1: MAE Reduction (%)
A2: N_min^PM | B2: =TEXT(Results_Table7!W2,"0.00")&" ± "&TEXT(Results_Table7!X2,"0.00") -> 5.92 ± 0.65 | C2: =TEXT(Results_Table7!W3,"0.00")&" ± "&TEXT(Results_Table7!X3,"0.00") -> 7.81 ± 0.90 | D2: =TEXT(Results_Table7!W4,"0.00")&" ± "&TEXT(Results_Table7!X4,"0.00") -> 16.87 ± 1.36 | E2: =TEXT(Results_Table7!W5,"0.000")&" ± "&TEXT(Results_Table7!X5,"0.000") -> 0.741 ± 0.029 | F2: 0
A3: +24 h | B3: =TEXT(Results_Table7!W6,"0.00")&" ± "&TEXT(Results_Table7!X6,"0.00") -> 5.31 ± 0.63 | C3: =TEXT(Results_Table7!W7,"0.00")&" ± "&TEXT(Results_Table7!X7,"0.00") -> 7.04 ± 0.67 | D3: =TEXT(Results_Table7!W8,"0.00")&" ± "&TEXT(Results_Table7!X8,"0.00") -> 15.31 ± 1.14 | E3: =TEXT(Results_Table7!W9,"0.000")&" ± "&TEXT(Results_Table7!X9,"0.000") -> 0.782 ± 0.018 | F3: 10.3
A4: +72 h | B4: =TEXT(Results_Table7!W10,"0.00")&" ± "&TEXT(Results_Table7!X10,"0.00") -> 4.72 ± 0.43 | C4: =TEXT(Results_Table7!W11,"0.00")&" ± "&TEXT(Results_Table7!X11,"0.00") -> 6.27 ± 0.70 | D4: =TEXT(Results_Table7!W12,"0.00")&" ± "&TEXT(Results_Table7!X12,"0.00") -> 13.67 ± 0.98 | E4: =TEXT(Results_Table7!W13,"0.000")&" ± "&TEXT(Results_Table7!X13,"0.000") -> 0.817 ± 0.014 | F4: 20.27
A5: +7 d | B5: =TEXT(Results_Table7!W14,"0.00")&" ± "&TEXT(Results_Table7!X14,"0.00") -> 4.14 ± 0.39 | C5: =TEXT(Results_Table7!W15,"0.00")&" ± "&TEXT(Results_Table7!X15,"0.00") -> 5.51 ± 0.47 | D5: =TEXT(Results_Table7!W16,"0.00")&" ± "&TEXT(Results_Table7!X16,"0.00") -> 12.06 ± 0.61 | E5: =TEXT(Results_Table7!W17,"0.000")&" ± "&TEXT(Results_Table7!X17,"0.000") -> 0.851 ± 0.015 | F5: 30.07
A6: Continual | B6: =TEXT(Results_Table7!W18,"0.00")&" ± "&TEXT(Results_Table7!X18,"0.00") -> 3.85 ± 0.37 | C6: =TEXT(Results_Table7!W19,"0.00")&" ± "&TEXT(Results_Table7!X19,"0.00") -> 5.13 ± 0.37 | D6: =TEXT(Results_Table7!W20,"0.00")&" ± "&TEXT(Results_Table7!X20,"0.00") -> 11.16 ± 0.60 | E6: =TEXT(Results_Table7!W21,"0.000")&" ± "&TEXT(Results_Table7!X21,"0.000") -> 0.872 ± 0.008 | F6: 34.97
