Workbook

Sheet Results_Table8
A1: Initialization / Configuration | B1: Adaptation Stage | C1: Run 1 | D1: Run 2 | E1: Run 3 | F1: Run 4 | G1: Run 5 | H1: Run 6 | I1: Run 7 | J1: Run 8 | K1: Run 9 | L1: Run 10 | M1: Run 11 | N1: Run 12 | O1: Run 13 | P1: Run 14 | Q1: Run 15 | R1: Run 16 | S1: Run 17 | T1: Run 18 | U1: Run 19 | V1: Run 20 | W1: Mean | X1: SD | Y1: CV (%) | Z1: Min | AA1: Max
A2: Random private initialization | B2: N_min^PM | C2: 6.6516 | D2: 5.5643 | E2: 6.1729 | F2: 7.0563 | G2: 5.7249 | H2: 6.2889 | I2: 7.5949 | J2: 7.4751 | K2: 5.2117 | L2: 5.8388 | M2: 6.6819 | N2: 5.7011 | O2: 6.315 | P2: 6.3851 | Q2: 6.0488 | R2: 7.7122 | S2: 6.3168 | T2: 7.2721 | U2: 6.9235 | V2: 7.4736 | W2: =AVERAGE(C2:V2) -> 6.520475 | X2: =_xlfn.STDEV.S(C2:V2) -> 0.73796249 | Y2: =IFERROR(X2/ABS(W2)*100,"") -> 11.317619 | Z2: =MIN(C2:V2) -> 5.2117 | AA2: =MAX(C2:V2) -> 7.7122
A3: Random private initialization | B3: +24 h | C3: 5.5677 | D3: 6.3968 | E3: 4.8676 | F3: 4.4571 | G3: 5.7454 | H3: 5.5322 | I3: 6.3669 | J3: 6.2252 | K3: 5.8118 | L3: 7.252 | M3: 5.7146 | N3: 6.9773 | O3: 4.8043 | P3: 5.8628 | Q3: 5.0856 | R3: 6.3094 | S3: 4.7463 | T3: 5.9429 | U3: 6.4834 | V3: 7.1971 | W3: =AVERAGE(C3:V3) -> 5.86732 | X3: =_xlfn.STDEV.S(C3:V3) -> 0.8073912 | Y3: =IFERROR(X3/ABS(W3)*100,"") -> 13.760818 | Z3: =MIN(C3:V3) -> 4.4571 | AA3: =MAX(C3:V3) -> 7.252
A4: Random private initialization | B4: +72 h | C4: 4.9216 | D4: 5.0291 | E4: 4.4506 | F4: 5.913 | G4: 5.7222 | H4: 5.5117 | I4: 3.9069 | J4: 4.5354 | K4: 5.4996 | L4: 5.767 | M4: 5.2527 | N4: 4.4646 | O4: 4.5733 | P4: 4.987 | Q4: 5.138 | R4: 5.8162 | S4: 5.8191 | T4: 5.5713 | U4: 5.3915 | V4: 5.3966 | W4: =AVERAGE(C4:V4) -> 5.18337 | X4: =_xlfn.STDEV.S(C4:V4) -> 0.56325101 | Y4: =IFERROR(X4/ABS(W4)*100,"") -> 10.866502 | Z4: =MIN(C4:V4) -> 3.9069 | AA4: =MAX(C4:V4) -> 5.913
A5: Random private initialization | B5: +7 d | C5: 4.6611 | D5: 4.8952 | E5: 4.2241 | F5: 4.1736 | G5: 5.0927 | H5: 3.9193 | I5: 4.3954 | J5: 4.4717 | K5: 4.2403 | L5: 4.3167 | M5: 4.4986 | N5: 4.6043 | O5: 4.2552 | P5: 4.9648 | Q5: 4.8682 | R5: 4.6979 | S5: 4.3382 | T5: 5.5498 | U5: 4.2456 | V5: 4.206 | W5: =AVERAGE(C5:V5) -> 4.530935 | X5: =_xlfn.STDEV.S(C5:V5) -> 0.38986787 | Y5: =IFERROR(X5/ABS(W5)*100,"") -> 8.6045787 | Z5: =MIN(C5:V5) -> 3.9193 | AA5: =MAX(C5:V5) -> 5.5498
A6: Random private initialization | B6: Continual | C6: 4.1514 | D6: 4.6862 | E6: 3.5617 | F6: 4.0582 | G6: 4.4667 | H6: 3.7905 | I6: 3.905 | J6: 4.075 | K6: 4.4565 | L6: 4.4171 | M6: 3.9906 | N6: 4.0796 | O6: 4.4796 | P6: 4.5396 | Q6: 3.8965 | R6: 3.8271 | S6: 3.7463 | T6: 4.2853 | U6: 4.646 | V6: 4.2933 | W6: =AVERAGE(C6:V6) -> 4.16761 | X6: =_xlfn.STDEV.S(C6:V6) -> 0.3247229 | Y6: =IFERROR(X6/ABS(W6)*100,"") -> 7.7915856 | Z6: =MIN(C6:V6) -> 3.5617 | AA6: =MAX(C6:V6) -> 4.6862
A7: Source-private initialization | B7: N_min^PM | C7: 7.2464 | D7: 5.7672 | E7: 6.0954 | F7: 5.4354 | G7: 5.6941 | H7: 6.3283 | I7: 7.1465 | J7: 5.0111 | K7: 6.0416 | L7: 6.1436 | M7: 5.4766 | N7: 5.607 | O7: 5.85 | P7: 5.1968 | Q7: 6.5383 | R7: 6.0142 | S7: 5.8693 | T7: 5.8558 | U7: 5.7016 | V7: 5.3926 | W7: =AVERAGE(C7:V7) -> 5.92059 | X7: =_xlfn.STDEV.S(C7:V7) -> 0.57158163 | Y7: =IFERROR(X7/ABS(W7)*100,"") -> 9.6541329 | Z7: =MIN(C7:V7) -> 5.0111 | AA7: =MAX(C7:V7) -> 7.2464
A8: Source-private initialization | B8: +24 h | C8: 4.8484 | D8: 5.5962 | E8: 5.7779 | F8: 5.3089 | G8: 6.1359 | H8: 5.2877 | I8: 5.3207 | J8: 5.4646 | K8: 5.4078 | L8: 5.8422 | M8: 4.6084 | N8: 5.1187 | O8: 4.5542 | P8: 5.9896 | Q8: 4.9099 | R8: 5.7777 | S8: 4.9459 | T8: 5.2047 | U8: 5.6113 | V8: 4.7602 | W8: =AVERAGE(C8:V8) -> 5.323545 | X8: =_xlfn.STDEV.S(C8:V8) -> 0.45809346 | Y8: =IFERROR(X8/ABS(W8)*100,"") -> 8.6050453 | Z8: =MIN(C8:V8) -> 4.5542 | AA8: =MAX(C8:V8) -> 6.1359
A9: Source-private initialization | B9: +72 h | C9: 4.2105 | D9: 4.4842 | E9: 5.2551 | F9: 4.579 | G9: 4.7404 | H9: 3.9497 | I9: 5.0449 | J9: 5.0371 | K9: 4.5163 | L9: 5.3658 | M9: 4.976 | N9: 5.007 | O9: 4.3585 | P9: 4.638 | Q9: 5.1719 | R9: 5.2442 | S9: 4.621 | T9: 4.9564 | U9: 4.2638 | V9: 3.8694 | W9: =AVERAGE(C9:V9) -> 4.71446 | X9: =_xlfn.STDEV.S(C9:V9) -> 0.43774953 | Y9: =IFERROR(X9/ABS(W9)*100,"") -> 9.2852528 | Z9: =MIN(C9:V9) -> 3.8694 | AA9: =MAX(C9:V9) -> 5.3658
A10: Source-private initialization | B10: +7 d | C10: 3.54 | D10: 4.6279 | E10: 3.8903 | F10: 5.2137 | G10: 3.9449 | H10: 3.8973 | I10: 4.1039 | J10: 4.5258 | K10: 3.7199 | L10: 4.2311 | M10: 4.1139 | N10: 3.8193 | O10: 3.5497 | P10: 4.5908 | Q10: 3.537 | R10: 4.3142 | S10: 4.9232 | T10: 4.1584 | U10: 4.296 | V10: 3.7664 | W10: =AVERAGE(C10:V10) -> 4.138185 | X10: =_xlfn.STDEV.S(C10:V10) -> 0.46293517 | Y10: =IFERROR(X10/ABS(W10)*100,"") -> 11.186913 | Z10: =MIN(C10:V10) -> 3.537 | AA10: =MAX(C10:V10) -> 5.2137
A11: Source-private initialization | B11: Continual | C11: 3.1426 | D11: 3.9192 | E11: 3.4356 | F11: 3.9221 | G11: 4.0738 | H11: 4.088 | I11: 3.6229 | J11: 4.7294 | K11: 4.3591 | L11: 3.7389 | M11: 3.4426 | N11: 3.9626 | O11: 4.1091 | P11: 3.939 | Q11: 4.0509 | R11: 3.7343 | S11: 4.0992 | T11: 3.3737 | U11: 3.8474 | V11: 3.2665 | W11: =AVERAGE(C11:V11) -> 3.842845 | X11: =_xlfn.STDEV.S(C11:V11) -> 0.38533488 | Y11: =IFERROR(X11/ABS(W11)*100,"") -> 10.027334 | Z11: =MIN(C11:V11) -> 3.1426 | AA11: =MAX(C11:V11) -> 4.7294
A12: Random + shared alignment | B12: N_min^PM | C12: 6.6278 | D12: 6.9781 | E12: 6.2846 | F12: 6.0127 | G12: 5.4127 | H12: 5.7186 | I12: 6.0493 | J12: 6.7435 | K12: 5.8013 | L12: 6.4734 | M12: 7.475 | N12: 6.0417 | O12: 6.2748 | P12: 6.9478 | Q12: 6.8486 | R12: 6.1844 | S12: 6.0864 | T12: 5.8856 | U12: 4.3746 | V12: 5.8457 | W12: =AVERAGE(C12:V12) -> 6.20333 | X12: =_xlfn.STDEV.S(C12:V12) -> 0.66647713 | Y12: =IFERROR(X12/ABS(W12)*100,"") -> 10.743861 | Z12: =MIN(C12:V12) -> 4.3746 | AA12: =MAX(C12:V12) -> 7.475
A13: Random + shared alignment | B13: +24 h | C13: 5.9363 | D13: 5.1994 | E13: 5.665 | F13: 5.7004 | G13: 5.6922 | H13: 5.9725 | I13: 5.3488 | J13: 5.0513 | K13: 5.6768 | L13: 5.5918 | M13: 6.1818 | N13: 5.1049 | O13: 5.5142 | P13: 5.3508 | Q13: 5.1289 | R13: 5.1102 | S13: 5.6949 | T13: 6.0058 | U13: 6.2169 | V13: 5.8219 | W13: =AVERAGE(C13:V13) -> 5.59824 | X13: =_xlfn.STDEV.S(C13:V13) -> 0.36444757 | Y13: =IFERROR(X13/ABS(W13)*100,"") -> 6.5100384 | Z13: =MIN(C13:V13) -> 5.0513 | AA13: =MAX(C13:V13) -> 6.2169
... A26: Transferred + full objective | B26: Continual | C26: 3.2858 | D26: 3.7123 | E26: 3.6871 | F26: 3.961 | G26: 3.4259 | H26: 4.0474 | I26: 3.4501 | J26: 3.2696 | K26: 4.08 | L26: 3.7137 | M26: 4.1731 | N26: 4.1193 | O26: 4.128 | P26: 3.9756 | Q26: 3.8484 | R26: 3.8979 | S26: 4.293 | T26: 3.6767 | U26: 4.1584 | V26: 4.2358 | W26: =AVERAGE(C26:V26) -> 3.856955 | X26: =_xlfn.STDEV.S(C26:V26) -> 0.31662437 | Y26: =IFERROR(X26/ABS(W26)*100,"") -> 8.2091798 | Z26: =MIN(C26:V26) -> 3.2696 | AA26: =MAX(C26:V26) -> 4.293

Sheet Table8_Summary
A1: Initialization | B1: N_min^PM | C1: +24 h | D1: +72 h | E1: +7 d | F1: Continual
A2: Random private initialization | B2: =TEXT(Results_Table8!W2,"0.00")&" ± "&TEXT(Results_Table8!X2,"0.00") -> 6.52 ± 0.74 | C2: =TEXT(Results_Table8!W3,"0.00")&" ± "&TEXT(Results_Table8!X3,"0.00") -> 5.87 ± 0.81 | D2: =TEXT(Results_Table8!W4,"0.00")&" ± "&TEXT(Results_Table8!X4,"0.00") -> 5.18 ± 0.56 | E2: =TEXT(Results_Table8!W5,"0.00")&" ± "&TEXT(Results_Table8!X5,"0.00") -> 4.53 ± 0.39 | F2: =TEXT(Results_Table8!W6,"0.00")&" ± "&TEXT(Results_Table8!X6,"0.00") -> 4.17 ± 0.32
A3: Source-private initialization | B3: =TEXT(Results_Table8!W7,"0.00")&" ± "&TEXT(Results_Table8!X7,"0.00") -> 5.92 ± 0.57 | C3: =TEXT(Results_Table8!W8,"0.00")&" ± "&TEXT(Results_Table8!X8,"0.00") -> 5.32 ± 0.46 | D3: =TEXT(Results_Table8!W9,"0.00")&" ± "&TEXT(Results_Table8!X9,"0.00") -> 4.71 ± 0.44 | E3: =TEXT(Results_Table8!W10,"0.00")&" ± "&TEXT(Results_Table8!X10,"0.00") -> 4.14 ± 0.46 | F3: =TEXT(Results_Table8!W11,"0.00")&" ± "&TEXT(Results_Table8!X11,"0.00") -> 3.84 ± 0.39
A4: Random + shared alignment | B4: =TEXT(Results_Table8!W12,"0.00")&" ± "&TEXT(Results_Table8!X12,"0.00") -> 6.20 ± 0.67 | C4: =TEXT(Results_Table8!W13,"0.00")&" ± "&TEXT(Results_Table8!X13,"0.00") -> 5.60 ± 0.36 | D4: =TEXT(Results_Table8!W14,"0.00")&" ± "&TEXT(Results_Table8!X14,"0.00") -> 4.99 ± 0.42 | E4: =TEXT(Results_Table8!W15,"0.00")&" ± "&TEXT(Results_Table8!X15,"0.00") -> 4.38 ± 0.41 | F4: =TEXT(Results_Table8!W16,"0.00")&" ± "&TEXT(Results_Table8!X16,"0.00") -> 4.03 ± 0.39
A5: Transferred + no separation | B5: =TEXT(Results_Table8!W17,"0.00")&" ± "&TEXT(Results_Table8!X17,"0.00") -> 6.13 ± 0.70 | C5: =TEXT(Results_Table8!W18,"0.00")&" ± "&TEXT(Results_Table8!X18,"0.00") -> 5.55 ± 0.75 | D5: =TEXT(Results_Table8!W19,"0.00")&" ± "&TEXT(Results_Table8!X19,"0.00") -> 5.04 ± 0.71 | E5: =TEXT(Results_Table8!W20,"0.00")&" ± "&TEXT(Results_Table8!X20,"0.00") -> 4.44 ± 0.38 | F5: =TEXT(Results_Table8!W21,"0.00")&" ± "&TEXT(Results_Table8!X21,"0.00") -> 4.21 ± 0.31
A6: Transferred + full objective | B6: =TEXT(Results_Table8!W22,"0.00")&" ± "&TEXT(Results_Table8!X22,"0.00") -> 5.92 ± 0.79 | C6: =TEXT(Results_Table8!W23,"0.00")&" ± "&TEXT(Results_Table8!X23,"0.00") -> 5.33 ± 0.61 | D6: =TEXT(Results_Table8!W24,"0.00")&" ± "&TEXT(Results_Table8!X24,"0.00") -> 4.70 ± 0.63 | E6: =TEXT(Results_Table8!W25,"0.00")&" ± "&TEXT(Results_Table8!X25,"0.00") -> 4.12 ± 0.45 | F6: =TEXT(Results_Table8!W26,"0.00")&" ± "&TEXT(Results_Table8!X26,"0.00") -> 3.86 ± 0.32
