Workbook

Sheet Results_Table4
A1: Configuration | B1: Metric | C1: Run 1 | D1: Run 2 | E1: Run 3 | F1: Run 4 | G1: Run 5 | H1: Run 6 | I1: Run 7 | J1: Run 8 | K1: Run 9 | L1: Run 10 | M1: Run 11 | N1: Run 12 | O1: Run 13 | P1: Run 14 | Q1: Run 15 | R1: Run 16 | S1: Run 17 | T1: Run 18 | U1: Run 19 | V1: Run 20 | W1: Mean | X1: SD | Y1: CV (%) | Z1: Min | AA1: Max
A2: Source-only | B2: MAE | C2: 0.8775 | D2: 0.8028 | E2: 0.8109 | F2: 0.9224 | G2: 0.8773 | H2: 0.8036 | I2: 0.8592 | J2: 0.8593 | K2: 0.927 | L2: 0.8465 | M2: 0.8635 | N2: 0.8511 | O2: 0.8257 | P2: 0.8568 | Q2: 0.8179 | R2: 0.8174 | S2: 0.8338 | T2: 0.8814 | U2: 0.8052 | V2: 0.8363 | W2: =AVERAGE(C2:V2) -> 0.84878 | X2: =_xlfn.STDEV.S(C2:V2) -> 0.036340504 | Y2: =IFERROR(X2/W2*100,"") -> 4.2814986 | Z2: =MIN(C2:V2) -> 0.8028 | AA2: =MAX(C2:V2) -> 0.927
A3: Source-only | B3: RMSE | C3: 1.1593 | D3: 1.1448 | E3: 1.1334 | F3: 1.0767 | G3: 1.1685 | H3: 1.139 | I3: 1.0684 | J3: 1.1382 | K3: 1.1102 | L3: 1.1243 | M3: 1.1997 | N3: 1.1173 | O3: 1.1714 | P3: 1.1713 | Q3: 1.1136 | R3: 1.139 | S3: 1.0582 | T3: 1.1876 | U3: 1.1147 | V3: 1.0136 | W3: =AVERAGE(C3:V3) -> 1.12746 | X3: =_xlfn.STDEV.S(C3:V3) -> 0.046280363 | Y3: =IFERROR(X3/W3*100,"") -> 4.1048341 | Z3: =MIN(C3:V3) -> 1.0136 | AA3: =MAX(C3:V3) -> 1.1997
A4: Source-only | B4: sMAPE (%) | C4: 7.0532 | D4: 7.2879 | E4: 7.5273 | F4: 7.2792 | G4: 6.4647 | H4: 7.096 | I4: 7.1975 | J4: 7.2978 | K4: 7.0894 | L4: 7.1414 | M4: 7.1293 | N4: 7.5074 | O4: 6.8889 | P4: 7.6013 | Q4: 6.915 | R4: 7.5295 | S4: 6.3016 | T4: 7.141 | U4: 7.1138 | V4: 7.6726 | W4: =AVERAGE(C4:V4) -> 7.16174 | X4: =_xlfn.STDEV.S(C4:V4) -> 0.34630498 | Y4: =IFERROR(X4/W4*100,"") -> 4.8354867 | Z4: =MIN(C4:V4) -> 6.3016 | AA4: =MAX(C4:V4) -> 7.6726
A5: Source-only | B5: R2 | C5: 0.8636 | D5: 0.85 | E5: 0.8505 | F5: 0.8589 | G5: 0.8665 | H5: 0.8598 | I5: 0.8564 | J5: 0.8335 | K5: 0.8434 | L5: 0.8507 | M5: 0.8539 | N5: 0.8579 | O5: 0.8721 | P5: 0.8605 | Q5: 0.8593 | R5: 0.8593 | S5: 0.8537 | T5: 0.8562 | U5: 0.8472 | V5: 0.865 | W5: =AVERAGE(C5:V5) -> 0.85592 | X5: =_xlfn.STDEV.S(C5:V5) -> 0.0086550016 | Y5: =IFERROR(X5/W5*100,"") -> 1.0111928 | Z5: =MIN(C5:V5) -> 0.8335 | AA5: =MAX(C5:V5) -> 0.8721
A6: Source-only | B6: PICP (%) | C6: 94.0572 | D6: 94.8667 | E6: 95.0766 | F6: 94.5789 | G6: 94.1402 | H6: 94.7855 | I6: 94.6233 | J6: 93.0404 | K6: 93.2479 | L6: 96.1575 | M6: 92.9923 | N6: 95.5876 | O6: 94.9802 | P6: 95.3606 | Q6: 94.6741 | R6: 94.3484 | S6: 94.4926 | T6: 95.9053 | U6: 95.6737 | V6: 95.0345 | W6: =AVERAGE(C6:V6) -> 94.681175 | X6: =_xlfn.STDEV.S(C6:V6) -> 0.88267367 | Y6: =IFERROR(X6/W6*100,"") -> 0.93225889 | Z6: =MIN(C6:V6) -> 92.9923 | AA6: =MAX(C6:V6) -> 96.1575
A7: Source-only | B7: Shift Score | C7: 0.3187 | D7: 0.2587 | E7: 0.293 | F7: 0.2779 | G7: 0.2671 | H7: 0.2569 | I7: 0.2935 | J7: 0.2903 | K7: 0.2724 | L7: 0.2819 | M7: 0.3002 | N7: 0.267 | O7: 0.2638 | P7: 0.2919 | Q7: 0.2956 | R7: 0.2768 | S7: 0.2606 | T7: 0.2877 | U7: 0.2937 | V7: 0.2685 | W7: =AVERAGE(C7:V7) -> 0.28081 | X7: =_xlfn.STDEV.S(C7:V7) -> 0.016466358 | Y7: =IFERROR(X7/W7*100,"") -> 5.8638788 | Z7: =MIN(C7:V7) -> 0.2569 | AA7: =MAX(C7:V7) -> 0.3187
A8: Target-only | B8: MAE | C8: 0.6844 | D8: 0.6938 | E8: 0.6925 | F8: 0.6866 | G8: 0.7023 | H8: 0.7619 | I8: 0.7372 | J8: 0.706 | K8: 0.7132 | L8: 0.7012 | M8: 0.7168 | N8: 0.7202 | O8: 0.7191 | P8: 0.7227 | Q8: 0.6786 | R8: 0.7297 | S8: 0.7019 | T8: 0.6788 | U8: 0.7499 | V8: 0.6671 | W8: =AVERAGE(C8:V8) -> 0.708195 | X8: =_xlfn.STDEV.S(C8:V8) -> 0.024647803 | Y8: =IFERROR(X8/W8*100,"") -> 3.4803695 | Z8: =MIN(C8:V8) -> 0.6671 | AA8: =MAX(C8:V8) -> 0.7619
A9: Target-only | B9: RMSE | C9: 0.9682 | D9: 0.9239 | E9: 0.9464 | F9: 0.9279 | G9: 0.9614 | H9: 0.941 | I9: 0.9266 | J9: 0.9443 | K9: 0.9255 | L9: 0.9379 | M9: 0.9128 | N9: 0.9563 | O9: 0.9032 | P9: 0.8993 | Q9: 0.9465 | R9: 0.978 | S9: 0.9356 | T9: 0.9702 | U9: 0.9282 | V9: 0.9145 | W9: =AVERAGE(C9:V9) -> 0.937385 | X9: =_xlfn.STDEV.S(C9:V9) -> 0.022004934 | Y9: =IFERROR(X9/W9*100,"") -> 2.3474809 | Z9: =MIN(C9:V9) -> 0.8993 | AA9: =MAX(C9:V9) -> 0.978
A10: Target-only | B10: sMAPE (%) | C10: 5.655 | D10: 5.6177 | E10: 6.0395 | F10: 6.1057 | G10: 6.0245 | H10: 6.1005 | I10: 5.7206 | J10: 5.8994 | K10: 5.8989 | L10: 6.1121 | M10: 6.0861 | N10: 5.7481 | O10: 6.4334 | P10: 5.915 | Q10: 5.7449 | R10: 6.0303 | S10: 6.1096 | T10: 6.0932 | U10: 6.0342 | V10: 5.885 | W10: =AVERAGE(C10:V10) -> 5.962685 | X10: =_xlfn.STDEV.S(C10:V10) -> 0.19718415 | Y10: =IFERROR(X10/W10*100,"") -> 3.3069691 | Z10: =MIN(C10:V10) -> 5.6177 | AA10: =MAX(C10:V10) -> 6.4334
A11: Target-only | B11: R2 | C11: 0.8764 | D11: 0.871 | E11: 0.878 | F11: 0.8783 | G11: 0.8827 | H11: 0.8786 | I11: 0.8854 | J11: 0.8784 | K11: 0.8838 | L11: 0.8749 | M11: 0.8754 | N11: 0.8846 | O11: 0.8763 | P11: 0.875 | Q11: 0.8842 | R11: 0.8843 | S11: 0.8688 | T11: 0.8795 | U11: 0.8861 | V11: 0.8801 | W11: =AVERAGE(C11:V11) -> 0.87909 | X11: =_xlfn.STDEV.S(C11:V11) -> 0.0048436502 | Y11: =IFERROR(X11/W11*100,"") -> 0.55098456 | Z11: =MIN(C11:V11) -> 0.8688 | AA11: =MAX(C11:V11) -> 0.8861
A12: Target-only | B12: PICP (%) | C12: 95.7762 | D12: 95.9182 | E12: 95.0876 | F12: 94.8539 | G12: 95.2134 | H12: 94.634 | I12: 95.0713 | J12: 94.4692 | K12: 95.2801 | L12: 94.4649 | M12: 95.7902 | N12: 94.4692 | O12: 95.9029 | P12: 94.3879 | Q12: 94.3094 | R12: 95.4713 | S12: 94.2817 | T12: 93.9561 | U12: 95.1451 | V12: 94.8342 | W12: =AVERAGE(C12:V12) -> 94.96584 | X12: =_xlfn.STDEV.S(C12:V12) -> 0.59523157 | Y12: =IFERROR(X12/W12*100,"") -> 0.62678492 | Z12: =MIN(C12:V12) -> 93.9561 | AA12: =MAX(C12:V12) -> 95.9182
A13: Target-only | B13: Shift Score | C13: 0.2426 | D13: 0.2228 | E13: 0.2209 | F13: 0.2231 | G13: 0.2251 | H13: 0.2444 | I13: 0.2272 | J13: 0.2546 | K13: 0.2493 | L13: 0.2358 | M13: 0.2465 | N13: 0.2139 | O13: 0.2455 | P13: 0.2151 | Q13: 0.2174 | R13: 0.2446 | S13: 0.2365 | T13: 0.2199 | U13: 0.2161 | V13: 0.2168 | W13: =AVERAGE(C13:V13) -> 0.230905 | X13: =_xlfn.STDEV.S(C13:V13) -> 0.013479984 | Y13: =IFERROR(X13/W13*100,"") -> 5.8378919 | Z13: =MIN(C13:V13) -> 0.2139 | AA13: =MAX(C13:V13) -> 0.2546
... A25: Adapted transfer | B25: Shift Score | C25: 0.185 | D25: 0.1796 | E25: 0.1634 | F25: 0.1783 | G25: 0.1771 | H25: 0.1775 | I25: 0.1797 | J25: 0.1818 | K25: 0.1792 | L25: 0.167 | M25: 0.1813 | N25: 0.1831 | O25: 0.1795 | P25: 0.1902 | Q25: 0.1982 | R25: 0.1712 | S25: 0.198 | T25: 0.1843 | U25: 0.1876 | V25: 0.18 | W25: =AVERAGE(C25:V25) -> 0.1811 | X25: =_xlfn.STDEV.S(C25:V25) -> 0.0085580372 | Y25: =IFERROR(X25/W25*100,"") -> 4.7255865 | Z25: =MIN(C25:V25) -> 0.1634 | AA25: =MAX(C25:V25) -> 0.1982

Sheet Table4_Summary
A1: Configuration | B1: MAE | C1: RMSE | D1: sMAPE (%) | E1: R2 | F1: PICP (%) | G1: Shift Score
A2: Source-only | B2: =TEXT(Results_Table4!W2,"0.000")&" ± "&TEXT(Results_Table4!X2,"0.000") -> 0.849 ± 0.036 | C2: =TEXT(Results_Table4!W3,"0.000")&" ± "&TEXT(Results_Table4!X3,"0.000") -> 1.127 ± 0.046 | D2: =TEXT(Results_Table4!W4,"0.000")&" ± "&TEXT(Results_Table4!X4,"0.000") -> 7.162 ± 0.346 | E2: =TEXT(Results_Table4!W5,"0.000")&" ± "&TEXT(Results_Table4!X5,"0.000") -> 0.856 ± 0.009 | F2: =TEXT(Results_Table4!W6,"0.000")&" ± "&TEXT(Results_Table4!X6,"0.000") -> 94.681 ± 0.883 | G2: =TEXT(Results_Table4!W7,"0.000")&" ± "&TEXT(Results_Table4!X7,"0.000") -> 0.281 ± 0.016
A3: Target-only | B3: =TEXT(Results_Table4!W8,"0.000")&" ± "&TEXT(Results_Table4!X8,"0.000") -> 0.708 ± 0.025 | C3: =TEXT(Results_Table4!W9,"0.000")&" ± "&TEXT(Results_Table4!X9,"0.000") -> 0.937 ± 0.022 | D3: =TEXT(Results_Table4!W10,"0.000")&" ± "&TEXT(Results_Table4!X10,"0.000") -> 5.963 ± 0.197 | E3: =TEXT(Results_Table4!W11,"0.000")&" ± "&TEXT(Results_Table4!X11,"0.000") -> 0.879 ± 0.005 | F3: =TEXT(Results_Table4!W12,"0.000")&" ± "&TEXT(Results_Table4!X12,"0.000") -> 94.966 ± 0.595 | G3: =TEXT(Results_Table4!W13,"0.000")&" ± "&TEXT(Results_Table4!X13,"0.000") -> 0.231 ± 0.013
A4: Zero-shot transfer | B4: =TEXT(Results_Table4!W14,"0.000")&" ± "&TEXT(Results_Table4!X14,"0.000") -> 0.783 ± 0.036 | C4: =TEXT(Results_Table4!W15,"0.000")&" ± "&TEXT(Results_Table4!X15,"0.000") -> 1.039 ± 0.036 | D4: =TEXT(Results_Table4!W16,"0.000")&" ± "&TEXT(Results_Table4!X16,"0.000") -> 6.643 ± 0.303 | E4: =TEXT(Results_Table4!W17,"0.000")&" ± "&TEXT(Results_Table4!X17,"0.000") -> 0.867 ± 0.005 | F4: =TEXT(Results_Table4!W18,"0.000")&" ± "&TEXT(Results_Table4!X18,"0.000") -> 94.628 ± 0.787 | G4: =TEXT(Results_Table4!W19,"0.000")&" ± "&TEXT(Results_Table4!X19,"0.000") -> 0.253 ± 0.012
A5: Adapted transfer | B5: =TEXT(Results_Table4!W20,"0.000")&" ± "&TEXT(Results_Table4!X20,"0.000") -> 0.572 ± 0.016 | C5: =TEXT(Results_Table4!W21,"0.000")&" ± "&TEXT(Results_Table4!X21,"0.000") -> 0.756 ± 0.025 | D5: =TEXT(Results_Table4!W22,"0.000")&" ± "&TEXT(Results_Table4!X22,"0.000") -> 4.831 ± 0.215 | E5: =TEXT(Results_Table4!W23,"0.000")&" ± "&TEXT(Results_Table4!X23,"0.000") -> 0.903 ± 0.005 | F5: =TEXT(Results_Table4!W24,"0.000")&" ± "&TEXT(Results_Table4!X24,"0.000") -> 95.131 ± 0.451 | G5: =TEXT(Results_Table4!W25,"0.000")&" ± "&TEXT(Results_Table4!X25,"0.000") -> 0.181 ± 0.009
