Workbook

Sheet Results_Table9
A1: Perturbation | B1: Metric | C1: Run 1 | D1: Run 2 | E1: Run 3 | F1: Run 4 | G1: Run 5 | H1: Run 6 | I1: Run 7 | J1: Run 8 | K1: Run 9 | L1: Run 10 | M1: Run 11 | N1: Run 12 | O1: Run 13 | P1: Run 14 | Q1: Run 15 | R1: Run 16 | S1: Run 17 | T1: Run 18 | U1: Run 19 | V1: Run 20 | W1: Mean | X1: SD | Y1: CV (%) | Z1: Min | AA1: Max
A2: Missing modality | B2: Detection Rate (%) | C2: 90.5631 | D2: 89.9061 | E2: 92.4785 | F2: 88.7914 | G2: 91.0301 | H2: 94.6355 | I2: 91.4982 | J2: 94.3804 | K2: 94.0475 | L2: 94.437 | M2: 88.993 | N2: 96.5911 | O2: 86.7218 | P2: 88.4486 | Q2: 89.3228 | R2: 93.9235 | S2: 94.8575 | T2: 90.179 | U2: 89.0857 | V2: 89.7845 | W2: =AVERAGE(C2:V2) -> 91.483765 | X2: =_xlfn.STDEV.S(C2:V2) -> 2.733047 | Y2: =IFERROR(X2/ABS(W2)*100,"") -> 2.9874667 | Z2: =MIN(C2:V2) -> 86.7218 | AA2: =MAX(C2:V2) -> 96.5911
A3: Missing modality | B3: False-Positive Rate (%) | C3: 3.498 | D3: 3.7068 | E3: 3.3607 | F3: 4.4989 | G3: 4.849 | H3: 5.6676 | I3: 6.0073 | J3: 5.913 | K3: 4.4038 | L3: 4.6922 | M3: 4.7312 | N3: 5.0928 | O3: 2.8641 | P3: 5.704 | Q3: 6.0395 | R3: 4.5037 | S3: 6.1095 | T3: 4.5506 | U3: 4.0415 | V3: 5.2288 | W3: =AVERAGE(C3:V3) -> 4.77315 | X3: =_xlfn.STDEV.S(C3:V3) -> 0.95899926 | Y3: =IFERROR(X3/ABS(W3)*100,"") -> 20.091538 | Z3: =MIN(C3:V3) -> 2.8641 | AA3: =MAX(C3:V3) -> 6.1095
A4: Missing modality | B4: Detection Delay (h) | C4: 2.7853 | D4: 1.8188 | E4: 3.0612 | F4: 1.8489 | G4: 2.409 | H4: 2.2571 | I4: 1.8859 | J4: 1.9448 | K4: 2.3097 | L4: 1.8078 | M4: 2.6523 | N4: 2.3052 | O4: 2.7705 | P4: 3.3957 | Q4: 2.6693 | R4: 2.7562 | S4: 3.0698 | T4: 2.3429 | U4: 2.5613 | V4: 1.078 | W4: =AVERAGE(C4:V4) -> 2.386485 | X4: =_xlfn.STDEV.S(C4:V4) -> 0.5477553 | Y4: =IFERROR(X4/ABS(W4)*100,"") -> 22.952388 | Z4: =MIN(C4:V4) -> 1.078 | AA4: =MAX(C4:V4) -> 3.3957
A5: Missing modality | B5: Peak Shift Score | C5: 0.2419 | D5: 0.2226 | E5: 0.2568 | F5: 0.237 | G5: 0.2255 | H5: 0.2387 | I5: 0.2485 | J5: 0.2334 | K5: 0.2538 | L5: 0.237 | M5: 0.2408 | N5: 0.2345 | O5: 0.2276 | P5: 0.2362 | Q5: 0.2434 | R5: 0.2291 | S5: 0.2223 | T5: 0.2612 | U5: 0.2378 | V5: 0.2368 | W5: =AVERAGE(C5:V5) -> 0.238245 | X5: =_xlfn.STDEV.S(C5:V5) -> 0.010688089 | Y5: =IFERROR(X5/ABS(W5)*100,"") -> 4.4861754 | Z5: =MIN(C5:V5) -> 0.2223 | AA5: =MAX(C5:V5) -> 0.2612
A6: Timestamp jitter | B6: Detection Rate (%) | C6: 83.6789 | D6: 91.4981 | E6: 81.9664 | F6: 89.1594 | G6: 89.4145 | H6: 85.2979 | I6: 83.5312 | J6: 87.9423 | K6: 88.2863 | L6: 86.4457 | M6: 90.2673 | N6: 88.1048 | O6: 85.7126 | P6: 91.3703 | Q6: 83.7202 | R6: 83.7325 | S6: 86.7235 | T6: 87.056 | U6: 85.8582 | V6: 89.7911 | W6: =AVERAGE(C6:V6) -> 86.97786 | X6: =_xlfn.STDEV.S(C6:V6) -> 2.7921143 | Y6: =IFERROR(X6/ABS(W6)*100,"") -> 3.2101438 | Z6: =MIN(C6:V6) -> 81.9664 | AA6: =MAX(C6:V6) -> 91.4981
A7: Timestamp jitter | B7: False-Positive Rate (%) | C7: 5.5421 | D7: 4.2363 | E7: 4.3062 | F7: 6.6807 | G7: 3.0079 | H7: 4.1334 | I7: 3.9994 | J7: 6.363 | K7: 4.9992 | L7: 2.5734 | M7: 5.3316 | N7: 3.862 | O7: 4.6231 | P7: 5.4346 | Q7: 6.6407 | R7: 3.8292 | S7: 6.6447 | T7: 5.4017 | U7: 3.5949 | V7: 4.654 | W7: =AVERAGE(C7:V7) -> 4.792905 | X7: =_xlfn.STDEV.S(C7:V7) -> 1.2041878 | Y7: =IFERROR(X7/ABS(W7)*100,"") -> 25.124382 | Z7: =MIN(C7:V7) -> 2.5734 | AA7: =MAX(C7:V7) -> 6.6807
A8: Timestamp jitter | B8: Detection Delay (h) | C8: 2.8988 | D8: 3.728 | E8: 2.9196 | F8: 2.3965 | G8: 4.4908 | H8: 4.1392 | I8: 2.2868 | J8: 2.6638 | K8: 3.1633 | L8: 2.7605 | M8: 3.1701 | N8: 3.5196 | O8: 3.0793 | P8: 2.9734 | Q8: 2.3323 | R8: 3.1623 | S8: 2.7926 | T8: 2.811 | U8: 4.0725 | V8: 3.3849 | W8: =AVERAGE(C8:V8) -> 3.137265 | X8: =_xlfn.STDEV.S(C8:V8) -> 0.60329185 | Y8: =IFERROR(X8/ABS(W8)*100,"") -> 19.229866 | Z8: =MIN(C8:V8) -> 2.2868 | AA8: =MAX(C8:V8) -> 4.4908
A9: Timestamp jitter | B9: Peak Shift Score | C9: 0.2125 | D9: 0.2106 | E9: 0.2311 | F9: 0.2265 | G9: 0.2217 | H9: 0.2237 | I9: 0.2284 | J9: 0.231 | K9: 0.2262 | L9: 0.2321 | M9: 0.223 | N9: 0.2285 | O9: 0.2421 | P9: 0.228 | Q9: 0.2258 | R9: 0.2283 | S9: 0.2146 | T9: 0.2324 | U9: 0.2243 | V9: 0.2305 | W9: =AVERAGE(C9:V9) -> 0.226065 | X9: =_xlfn.STDEV.S(C9:V9) -> 0.0073097826 | Y9: =IFERROR(X9/ABS(W9)*100,"") -> 3.2334871 | Z9: =MIN(C9:V9) -> 0.2106 | AA9: =MAX(C9:V9) -> 0.2421
A10: Sampling-frequency shift | B10: Detection Rate (%) | C10: 96.3289 | D10: 91.733 | E10: 94.5118 | F10: 89.8718 | G10: 90.3114 | H10: 91.8253 | I10: 94.9752 | J10: 97.6834 | K10: 93.6793 | L10: 95.8201 | M10: 90.7657 | N10: 93.1772 | O10: 90.8595 | P10: 93.7042 | Q10: 91.72 | R10: 91.2778 | S10: 96.163 | T10: 90.5867 | U10: 92.6439 | V10: 92.3209 | W10: =AVERAGE(C10:V10) -> 92.997955 | X10: =_xlfn.STDEV.S(C10:V10) -> 2.279642 | Y10: =IFERROR(X10/ABS(W10)*100,"") -> 2.4512819 | Z10: =MIN(C10:V10) -> 89.8718 | AA10: =MAX(C10:V10) -> 97.6834
A11: Sampling-frequency shift | B11: False-Positive Rate (%) | C11: 6.1938 | D11: 2.3274 | E11: 3.5018 | F11: 5.7578 | G11: 6.0122 | H11: 4.7111 | I11: 3.9536 | J11: 4.6512 | K11: 5.4014 | L11: 6.1002 | M11: 5.1462 | N11: 4.6516 | O11: 3.4722 | P11: 4.9316 | Q11: 4.2549 | R11: 3.9522 | S11: 5.6353 | T11: 5.6009 | U11: 4.9017 | V11: 4.8256 | W11: =AVERAGE(C11:V11) -> 4.799135 | X11: =_xlfn.STDEV.S(C11:V11) -> 1.005655 | Y11: =IFERROR(X11/ABS(W11)*100,"") -> 20.954923 | Z11: =MIN(C11:V11) -> 2.3274 | AA11: =MAX(C11:V11) -> 6.1938
A12: Sampling-frequency shift | B12: Detection Delay (h) | C12: 2.0853 | D12: 2.4947 | E12: 1.8763 | F12: 1.5021 | G12: 2.0874 | H12: 1.2408 | I12: 2.1278 | J12: 2.1524 | K12: 2.8329 | L12: 1.7712 | M12: 2.5242 | N12: 2.0426 | O12: 1.595 | P12: 2.3557 | Q12: 2.2319 | R12: 1.3009 | S12: 1.9958 | T12: 1.8298 | U12: 2.1175 | V12: 2.0735 | W12: =AVERAGE(C12:V12) -> 2.01189 | X12: =_xlfn.STDEV.S(C12:V12) -> 0.39999324 | Y12: =IFERROR(X12/ABS(W12)*100,"") -> 19.881466 | Z12: =MIN(C12:V12) -> 1.2408 | AA12: =MAX(C12:V12) -> 2.8329
A13: Sampling-frequency shift | B13: Peak Shift Score | C13: 0.2388 | D13: 0.243 | E13: 0.2476 | F13: 0.2767 | G13: 0.2347 | H13: 0.2282 | I13: 0.2566 | J13: 0.2499 | K13: 0.2601 | L13: 0.2509 | M13: 0.2299 | N13: 0.2419 | O13: 0.2293 | P13: 0.263 | Q13: 0.2378 | R13: 0.2681 | S13: 0.2459 | T13: 0.2661 | U13: 0.2416 | V13: 0.2317 | W13: =AVERAGE(C13:V13) -> 0.24709 | X13: =_xlfn.STDEV.S(C13:V13) -> 0.014150466 | Y13: =IFERROR(X13/ABS(W13)*100,"") -> 5.7268468 | Z13: =MIN(C13:V13) -> 0.2282 | AA13: =MAX(C13:V13) -> 0.2767
... A21: Simultaneous sensor failure | B21: Peak Shift Score | C21: 0.3059 | D21: 0.2957 | E21: 0.2989 | F21: 0.2665 | G21: 0.2857 | H21: 0.2888 | I21: 0.2791 | J21: 0.2967 | K21: 0.2936 | L21: 0.2849 | M21: 0.2713 | N21: 0.3101 | O21: 0.2961 | P21: 0.3177 | Q21: 0.2847 | R21: 0.2726 | S21: 0.3314 | T21: 0.3241 | U21: 0.2721 | V21: 0.2943 | W21: =AVERAGE(C21:V21) -> 0.29351 | X21: =_xlfn.STDEV.S(C21:V21) -> 0.017767027 | Y21: =IFERROR(X21/ABS(W21)*100,"") -> 6.0532954 | Z21: =MIN(C21:V21) -> 0.2665 | AA21: =MAX(C21:V21) -> 0.3314

Sheet Table9_Summary
A1: Perturbation | B1: Detection Rate (%) | C1: False-Positive Rate (%) | D1: Detection Delay (h) | E1: Peak Shift Score
A2: Missing modality | B2: =TEXT(Results_Table9!W2,"0.00")&" ± "&TEXT(Results_Table9!X2,"0.00") -> 91.48 ± 2.73 | C2: =TEXT(Results_Table9!W3,"0.00")&" ± "&TEXT(Results_Table9!X3,"0.00") -> 4.77 ± 0.96 | D2: =TEXT(Results_Table9!W4,"0.00")&" ± "&TEXT(Results_Table9!X4,"0.00") -> 2.39 ± 0.55 | E2: =TEXT(Results_Table9!W5,"0.000")&" ± "&TEXT(Results_Table9!X5,"0.000") -> 0.238 ± 0.011
A3: Timestamp jitter | B3: =TEXT(Results_Table9!W6,"0.00")&" ± "&TEXT(Results_Table9!X6,"0.00") -> 86.98 ± 2.79 | C3: =TEXT(Results_Table9!W7,"0.00")&" ± "&TEXT(Results_Table9!X7,"0.00") -> 4.79 ± 1.20 | D3: =TEXT(Results_Table9!W8,"0.00")&" ± "&TEXT(Results_Table9!X8,"0.00") -> 3.14 ± 0.60 | E3: =TEXT(Results_Table9!W9,"0.000")&" ± "&TEXT(Results_Table9!X9,"0.000") -> 0.226 ± 0.007
A4: Sampling-frequency shift | B4: =TEXT(Results_Table9!W10,"0.00")&" ± "&TEXT(Results_Table9!X10,"0.00") -> 93.00 ± 2.28 | C4: =TEXT(Results_Table9!W11,"0.00")&" ± "&TEXT(Results_Table9!X11,"0.00") -> 4.80 ± 1.01 | D4: =TEXT(Results_Table9!W12,"0.00")&" ± "&TEXT(Results_Table9!X12,"0.00") -> 2.01 ± 0.40 | E4: =TEXT(Results_Table9!W13,"0.000")&" ± "&TEXT(Results_Table9!X13,"0.000") -> 0.247 ± 0.014
A5: Station dropout | B5: =TEXT(Results_Table9!W14,"0.00")&" ± "&TEXT(Results_Table9!X14,"0.00") -> 96.45 ± 2.01 | C5: =TEXT(Results_Table9!W15,"0.00")&" ± "&TEXT(Results_Table9!X15,"0.00") -> 4.80 ± 0.63 | D5: =TEXT(Results_Table9!W16,"0.00")&" ± "&TEXT(Results_Table9!X16,"0.00") -> 1.51 ± 0.37 | E5: =TEXT(Results_Table9!W17,"0.000")&" ± "&TEXT(Results_Table9!X17,"0.000") -> 0.271 ± 0.018
A6: Simultaneous sensor failure | B6: =TEXT(Results_Table9!W18,"0.00")&" ± "&TEXT(Results_Table9!X18,"0.00") -> 97.99 ± 1.36 | C6: =TEXT(Results_Table9!W19,"0.00")&" ± "&TEXT(Results_Table9!X19,"0.00") -> 4.75 ± 0.73 | D6: =TEXT(Results_Table9!W20,"0.00")&" ± "&TEXT(Results_Table9!X20,"0.00") -> 1.10 ± 0.31 | E6: =TEXT(Results_Table9!W21,"0.000")&" ± "&TEXT(Results_Table9!X21,"0.000") -> 0.294 ± 0.018
