Workbook

Sheet Results_Table17
A1: Model | B1: Measure | C1: Run 1 | D1: Run 2 | E1: Run 3 | F1: Run 4 | G1: Run 5 | H1: Run 6 | I1: Run 7 | J1: Run 8 | K1: Run 9 | L1: Run 10 | M1: Run 11 | N1: Run 12 | O1: Run 13 | P1: Run 14 | Q1: Run 15 | R1: Run 16 | S1: Run 17 | T1: Run 18 | U1: Run 19 | V1: Run 20 | W1: Mean | X1: SD | Y1: CV (%) | Z1: Min | AA1: Max
A2: Persistence | B2: Training (s) | C2: 0.2525 | D2: 0.3017 | E2: 0.3396 | F2: 0.0555 | G2: 0.1477 | H2: 0.2495 | I2: 0.1116 | J2: 0.1673 | K2: 0.0835 | L2: 0.0987 | M2: 0.3233 | N2: 0.2787 | O2: -0.0038 | P2: 0.2675 | Q2: 0.2342 | R2: 0.3658 | S2: 0.3339 | T2: 0.0427 | U2: 0.2856 | V2: 0.0656 | W2: =AVERAGE(C2:V2) -> 0.200055 | X2: =_xlfn.STDEV.S(C2:V2) -> 0.11598108 | Y2: =IFERROR(X2/ABS(W2)*100,"") -> 57.974595 | Z2: =MIN(C2:V2) -> -0.0038 | AA2: =MAX(C2:V2) -> 0.3658
A3: Persistence | B3: Latency (ms/window) | C3: 0.1519 | D3: 0.1234 | E3: 0.1065 | F3: 0.1633 | G3: 0.1212 | H3: 0.1108 | I3: 0.1227 | J3: 0.1171 | K3: 0.1069 | L3: 0.1215 | M3: 0.1115 | N3: 0.1024 | O3: 0.121 | P3: 0.1117 | Q3: 0.1082 | R3: 0.1435 | S3: 0.1215 | T3: 0.1114 | U3: 0.1003 | V3: 0.1238 | W3: =AVERAGE(C3:V3) -> 0.12003 | X3: =_xlfn.STDEV.S(C3:V3) -> 0.016196267 | Y3: =IFERROR(X3/ABS(W3)*100,"") -> 13.493515 | Z3: =MIN(C3:V3) -> 0.1003 | AA3: =MAX(C3:V3) -> 0.1633
A4: Persistence | B4: Memory (MB) | C4: 48.0513 | D4: 48.0328 | E4: 49.7371 | F4: 49.2512 | G4: 48.9976 | H4: 49.3283 | I4: 47.0917 | J4: 47.396 | K4: 47.7994 | L4: 46.3296 | M4: 49.8109 | N4: 46.867 | O4: 47.0931 | P4: 46.5934 | Q4: 47.9401 | R4: 47.7832 | S4: 46.7376 | T4: 47.7835 | U4: 48.3782 | V4: 49.1299 | W4: =AVERAGE(C4:V4) -> 48.006595 | X4: =_xlfn.STDEV.S(C4:V4) -> 1.07215 | Y4: =IFERROR(X4/ABS(W4)*100,"") -> 2.233339 | Z4: =MIN(C4:V4) -> 46.3296 | AA4: =MAX(C4:V4) -> 49.8109
A5: SARIMA | B5: Training (s) | C5: 75.9297 | D5: 73.3386 | E5: 72.1638 | F5: 74.453 | G5: 74.7495 | H5: 74.7472 | I5: 77.2003 | J5: 72.2272 | K5: 75.5401 | L5: 72.4144 | M5: 70.8783 | N5: 81.8381 | O5: 71.2684 | P5: 71.7832 | Q5: 70.876 | R5: 73.5324 | S5: 74.0802 | T5: 75.4693 | U5: 73.643 | V5: 73.953 | W5: =AVERAGE(C5:V5) -> 74.004285 | X5: =_xlfn.STDEV.S(C5:V5) -> 2.5439104 | Y5: =IFERROR(X5/ABS(W5)*100,"") -> 3.4375177 | Z5: =MIN(C5:V5) -> 70.876 | AA5: =MAX(C5:V5) -> 81.8381
A6: SARIMA | B6: Latency (ms/window) | C6: 2.8052 | D6: 2.825 | E6: 2.925 | F6: 2.8605 | G6: 3.0391 | H6: 2.8201 | I6: 2.7178 | J6: 2.8153 | K6: 2.9145 | L6: 2.7367 | M6: 2.7195 | N6: 2.6683 | O6: 2.7363 | P6: 2.9007 | Q6: 2.5865 | R6: 2.8224 | S6: 2.9362 | T6: 2.668 | U6: 2.901 | V6: 2.5938 | W6: =AVERAGE(C6:V6) -> 2.799595 | X6: =_xlfn.STDEV.S(C6:V6) -> 0.12017884 | Y6: =IFERROR(X6/ABS(W6)*100,"") -> 4.2927223 | Z6: =MIN(C6:V6) -> 2.5865 | AA6: =MAX(C6:V6) -> 3.0391
A7: SARIMA | B7: Memory (MB) | C7: 225.7883 | D7: 221.6734 | E7: 216.3206 | F7: 222.0191 | G7: 216.1402 | H7: 213.9699 | I7: 227.8282 | J7: 216.0441 | K7: 224.0758 | L7: 207.8829 | M7: 220.0763 | N7: 221.8422 | O7: 218.2578 | P7: 219.5885 | Q7: 211.8762 | R7: 226.5812 | S7: 219.6836 | T7: 219.8905 | U7: 217.866 | V7: 228.0593 | W7: =AVERAGE(C7:V7) -> 219.77321 | X7: =_xlfn.STDEV.S(C7:V7) -> 5.281785 | Y7: =IFERROR(X7/ABS(W7)*100,"") -> 2.4032889 | Z7: =MIN(C7:V7) -> 207.8829 | AA7: =MAX(C7:V7) -> 228.0593
A8: LSTM | B8: Training (s) | C8: 1008.7389 | D8: 966.1801 | E8: 987.949 | F8: 950.0222 | G8: 1010.249 | H8: 1018.5701 | I8: 964.9572 | J8: 969.7557 | K8: 990.9907 | L8: 1006.3992 | M8: 957.8228 | N8: 991.2837 | O8: 1010.7757 | P8: 1013.6314 | Q8: 964.7674 | R8: 1006.2326 | S8: 1008.0313 | T8: 980.1271 | U8: 1001.0078 | V8: 996.4329 | W8: =AVERAGE(C8:V8) -> 990.19624 | X8: =_xlfn.STDEV.S(C8:V8) -> 21.232778 | Y8: =IFERROR(X8/ABS(W8)*100,"") -> 2.1443 | Z8: =MIN(C8:V8) -> 950.0222 | AA8: =MAX(C8:V8) -> 1018.5701
A9: LSTM | B9: Latency (ms/window) | C9: 10.9893 | D9: 9.9414 | E9: 10.1527 | F9: 10.4608 | G9: 10.4589 | H9: 9.9638 | I9: 10.1701 | J9: 9.3975 | K9: 10.951 | L9: 10.064 | M9: 9.3905 | N9: 10.2684 | O9: 10.1387 | P9: 10.1466 | Q9: 10.3124 | R9: 10.0037 | S9: 10.4049 | T9: 9.8732 | U9: 10.6592 | V9: 10.306 | W9: =AVERAGE(C9:V9) -> 10.202655 | X9: =_xlfn.STDEV.S(C9:V9) -> 0.4103161 | Y9: =IFERROR(X9/ABS(W9)*100,"") -> 4.02166 | Z9: =MIN(C9:V9) -> 9.3905 | AA9: =MAX(C9:V9) -> 10.9893
A10: LSTM | B10: Memory (MB) | C10: 1452.8631 | D10: 1499.3134 | E10: 1442.0767 | F10: 1402.3242 | G10: 1416.7086 | H10: 1462.5262 | I10: 1459.5971 | J10: 1508.4938 | K10: 1429.9511 | L10: 1428.0637 | M10: 1459.5017 | N10: 1457.1727 | O10: 1427.4286 | P10: 1481.3077 | Q10: 1422.5968 | R10: 1471.4909 | S10: 1434.9777 | T10: 1478.7118 | U10: 1391.598 | V10: 1476.7874 | W10: =AVERAGE(C10:V10) -> 1450.1746 | X10: =_xlfn.STDEV.S(C10:V10) -> 31.169934 | Y10: =IFERROR(X10/ABS(W10)*100,"") -> 2.1493919 | Z10: =MIN(C10:V10) -> 1391.598 | AA10: =MAX(C10:V10) -> 1508.4938
A11: GRU | B11: Training (s) | C11: 1077.2251 | D11: 1117.941 | E11: 1079.9507 | F11: 1142.4885 | G11: 1067.8572 | H11: 1088.3064 | I11: 1068.9564 | J11: 1116.9916 | K11: 1081.7699 | L11: 1121.8149 | M11: 1084.7325 | N11: 1097.2195 | O11: 1060.9923 | P11: 1102.1665 | Q11: 1152.1512 | R11: 1079.9806 | S11: 1058.6538 | T11: 1092.1088 | U11: 1067.0943 | V11: 1127.6338 | W11: =AVERAGE(C11:V11) -> 1094.3017 | X11: =_xlfn.STDEV.S(C11:V11) -> 27.27521 | Y11: =IFERROR(X11/ABS(W11)*100,"") -> 2.4924762 | Z11: =MIN(C11:V11) -> 1058.6538 | AA11: =MAX(C11:V11) -> 1152.1512
A12: GRU | B12: Latency (ms/window) | C12: 11.4389 | D12: 12.31 | E12: 11.8784 | F12: 11.2236 | G12: 11.6242 | H12: 11.4128 | I12: 10.9631 | J12: 11.991 | K12: 11.548 | L12: 11.5172 | M12: 10.8032 | N12: 11.3447 | O12: 11.6025 | P12: 11.4435 | Q12: 11.436 | R12: 12.8594 | S12: 11.0966 | T12: 11.9904 | U12: 11.6961 | V12: 11.241 | W12: =AVERAGE(C12:V12) -> 11.57103 | X12: =_xlfn.STDEV.S(C12:V12) -> 0.47114947 | Y12: =IFERROR(X12/ABS(W12)*100,"") -> 4.0718023 | Z12: =MIN(C12:V12) -> 10.8032 | AA12: =MAX(C12:V12) -> 12.8594
A13: GRU | B13: Memory (MB) | C13: 1714.0068 | D13: 1521.0404 | E13: 1596.2924 | F13: 1548.3968 | G13: 1553.3577 | H13: 1561.4396 | I13: 1554.0599 | J13: 1611.9559 | K13: 1562.7136 | L13: 1596.2475 | M13: 1597.0052 | N13: 1544.412 | O13: 1611.8922 | P13: 1601.5334 | Q13: 1543.5667 | R13: 1598.982 | S13: 1622.3759 | T13: 1627.2564 | U13: 1577.2509 | V13: 1544.4751 | W13: =AVERAGE(C13:V13) -> 1584.413 | X13: =_xlfn.STDEV.S(C13:V13) -> 43.311953 | Y13: =IFERROR(X13/ABS(W13)*100,"") -> 2.7336277 | Z13: =MIN(C13:V13) -> 1521.0404 | AA13: =MAX(C13:V13) -> 1714.0068
... A19: Proposed | B19: Memory (MB) | C19: 2676.4806 | D19: 2905.5749 | E19: 2916.7417 | F19: 2855.813 | G19: 2889.5425 | H19: 2783.8427 | I19: 2806.1753 | J19: 2816.8864 | K19: 2839.9418 | L19: 2946.1404 | M19: 2766.3817 | N19: 2775.9929 | O19: 2898.751 | P19: 2724.8912 | Q19: 2900.4841 | R19: 2913.5638 | S19: 2791.2542 | T19: 2953.9154 | U19: 2877.2648 | V19: 2862.3266 | W19: =AVERAGE(C19:V19) -> 2845.0983 | X19: =_xlfn.STDEV.S(C19:V19) -> 75.302425 | Y19: =IFERROR(X19/ABS(W19)*100,"") -> 2.6467425 | Z19: =MIN(C19:V19) -> 2676.4806 | AA19: =MAX(C19:V19) -> 2953.9154

Sheet Table17_Summary
A1: Model | B1: Parameters (M) | C1: FLOPs (G) | D1: Training (s) | E1: Latency (ms/window) | F1: Memory (MB) | G1: Throughput (windows/s)
A2: Persistence | B2: – | C2: – | D2: =TEXT(Results_Table17!W2,"0.0")&" ± "&TEXT(Results_Table17!X2,"0.0") -> 0.2 ± 0.1 | E2: =TEXT(Results_Table17!W3,"0.00")&" ± "&TEXT(Results_Table17!X3,"0.00") -> 0.12 ± 0.02 | F2: =TEXT(Results_Table17!W4,"0.0")&" ± "&TEXT(Results_Table17!X4,"0.0") -> 48.0 ± 1.1 | G2: =1000/Results_Table17!W3 -> 8331.2505
A3: SARIMA | B3: – | C3: – | D3: =TEXT(Results_Table17!W5,"0.0")&" ± "&TEXT(Results_Table17!X5,"0.0") -> 74.0 ± 2.5 | E3: =TEXT(Results_Table17!W6,"0.00")&" ± "&TEXT(Results_Table17!X6,"0.00") -> 2.80 ± 0.12 | F3: =TEXT(Results_Table17!W7,"0.0")&" ± "&TEXT(Results_Table17!X7,"0.0") -> 219.8 ± 5.3 | G3: =1000/Results_Table17!W6 -> 357.19452
A4: LSTM | B4: 1.98 | C4: 4.86 | D4: =TEXT(Results_Table17!W8,"0.0")&" ± "&TEXT(Results_Table17!X8,"0.0") -> 990.2 ± 21.2 | E4: =TEXT(Results_Table17!W9,"0.00")&" ± "&TEXT(Results_Table17!X9,"0.00") -> 10.20 ± 0.41 | F4: =TEXT(Results_Table17!W10,"0.0")&" ± "&TEXT(Results_Table17!X10,"0.0") -> 1450.2 ± 31.2 | G4: =1000/Results_Table17!W9 -> 98.013703
A5: GRU | B5: 2.32 | C5: 5.59 | D5: =TEXT(Results_Table17!W11,"0.0")&" ± "&TEXT(Results_Table17!X11,"0.0") -> 1094.3 ± 27.3 | E5: =TEXT(Results_Table17!W12,"0.00")&" ± "&TEXT(Results_Table17!X12,"0.00") -> 11.57 ± 0.47 | F5: =TEXT(Results_Table17!W13,"0.0")&" ± "&TEXT(Results_Table17!X13,"0.0") -> 1584.4 ± 43.3 | G5: =1000/Results_Table17!W12 -> 86.42273
A6: TCN | B6: 2.66 | C6: 6.32 | D6: =TEXT(Results_Table17!W14,"0.0")&" ± "&TEXT(Results_Table17!X14,"0.0") -> 1199.7 ± 24.0 | E6: =TEXT(Results_Table17!W15,"0.00")&" ± "&TEXT(Results_Table17!X15,"0.00") -> 12.90 ± 0.43 | F6: =TEXT(Results_Table17!W16,"0.0")&" ± "&TEXT(Results_Table17!X16,"0.0") -> 1719.8 ± 37.5 | G6: =1000/Results_Table17!W15 -> 77.505982
A7: Proposed | B7: 4.9 | C7: 11.02 | D7: =TEXT(Results_Table17!W17,"0.0")&" ± "&TEXT(Results_Table17!X17,"0.0") -> 2184.3 ± 54.5 | E7: =TEXT(Results_Table17!W18,"0.00")&" ± "&TEXT(Results_Table17!X18,"0.00") -> 26.99 ± 1.51 | F7: =TEXT(Results_Table17!W19,"0.0")&" ± "&TEXT(Results_Table17!X19,"0.0") -> 2845.1 ± 75.3 | G7: =1000/Results_Table17!W18 -> 37.047493
