Workbook

Sheet Results_Table5
A1: Supervision Control | B1: Availability | C1: Metric | D1: Run 1 | E1: Run 2 | F1: Run 3 | G1: Run 4 | H1: Run 5 | I1: Run 6 | J1: Run 7 | K1: Run 8 | L1: Run 9 | M1: Run 10 | N1: Run 11 | O1: Run 12 | P1: Run 13 | Q1: Run 14 | R1: Run 15 | S1: Run 16 | T1: Run 17 | U1: Run 18 | V1: Run 19 | W1: Run 20 | X1: Mean | Y1: SD | Z1: CV (%) | AA1: Min | AB1: Max
A2: Target history | B2: 0 h | C2: MAE | D2: 0.8318 | E2: 0.8176 | F2: 0.851 | G2: 0.8272 | H2: 0.8183 | I2: 0.7768 | J2: 0.8394 | K2: 0.8073 | L2: 0.8151 | M2: 0.8511 | N2: 0.823 | O2: 0.8459 | P2: 0.8487 | Q2: 0.8337 | R2: 0.8124 | S2: 0.8302 | T2: 0.8021 | U2: 0.836 | V2: 0.7896 | W2: 0.8589 | X2: =AVERAGE(D2:W2) -> 0.825805 | Y2: =_xlfn.STDEV.S(D2:W2) -> 0.021458221 | Z2: =IFERROR(Y2/ABS(X2)*100,"") -> 2.598461 | AA2: =MIN(D2:W2) -> 0.7768 | AB2: =MAX(D2:W2) -> 0.8589
A3: Target history | B3: 0 h | C3: RMSE | D3: 1.0682 | E3: 1.0977 | F3: 1.0742 | G3: 1.0879 | H3: 1.1277 | I3: 1.1158 | J3: 1.0831 | K3: 1.1311 | L3: 1.0879 | M3: 1.0835 | N3: 1.0786 | O3: 1.0919 | P3: 1.101 | Q3: 1.1051 | R3: 1.0892 | S3: 1.1163 | T3: 1.0724 | U3: 1.1104 | V3: 1.0766 | W3: 1.1044 | X3: =AVERAGE(D3:W3) -> 1.09515 | Y3: =_xlfn.STDEV.S(D3:W3) -> 0.018376601 | Z3: =IFERROR(Y3/ABS(X3)*100,"") -> 1.6779986 | AA3: =MIN(D3:W3) -> 1.0682 | AB3: =MAX(D3:W3) -> 1.1311
A4: Target history | B4: 0 h | C4: sMAPE (%) | D4: 6.9852 | E4: 6.9952 | F4: 6.9383 | G4: 7.0713 | H4: 7.3819 | I4: 6.9863 | J4: 6.8685 | K4: 6.8591 | L4: 7.0132 | M4: 6.7929 | N4: 7.0326 | O4: 6.8027 | P4: 6.8781 | Q4: 7.2875 | R4: 7.2716 | S4: 7.0153 | T4: 7.1153 | U4: 6.6045 | V4: 7.1188 | W4: 7.0713 | X4: =AVERAGE(D4:W4) -> 7.00448 | Y4: =_xlfn.STDEV.S(D4:W4) -> 0.18287101 | Z4: =IFERROR(Y4/ABS(X4)*100,"") -> 2.610772 | AA4: =MIN(D4:W4) -> 6.6045 | AB4: =MAX(D4:W4) -> 7.3819
A5: Target history | B5: 0 h | C5: R2 | D5: 0.8582 | E5: 0.8603 | F5: 0.8644 | G5: 0.8529 | H5: 0.8675 | I5: 0.8533 | J5: 0.8611 | K5: 0.8552 | L5: 0.8605 | M5: 0.8612 | N5: 0.8619 | O5: 0.8628 | P5: 0.8578 | Q5: 0.8533 | R5: 0.8614 | S5: 0.8555 | T5: 0.8535 | U5: 0.8537 | V5: 0.8658 | W5: 0.8602 | X5: =AVERAGE(D5:W5) -> 0.859025 | Y5: =_xlfn.STDEV.S(D5:W5) -> 0.0044731803 | Z5: =IFERROR(Y5/ABS(X5)*100,"") -> 0.52072761 | AA5: =MIN(D5:W5) -> 0.8529 | AB5: =MAX(D5:W5) -> 0.8675
A6: Target history | B6: 0 h | C6: PICP (%) | D6: 94.3838 | E6: 94.7057 | F6: 96.0286 | G6: 94.3094 | H6: 95.0645 | I6: 93.6836 | J6: 93.7714 | K6: 95.1276 | L6: 95.914 | M6: 94.7033 | N6: 94.6888 | O6: 94.4972 | P6: 94.7819 | Q6: 94.9186 | R6: 94.6958 | S6: 93.6945 | T6: 94.1334 | U6: 94.7325 | V6: 94.546 | W6: 94.9122 | X6: =AVERAGE(D6:W6) -> 94.66464 | Y6: =_xlfn.STDEV.S(D6:W6) -> 0.61452857 | Z6: =IFERROR(Y6/ABS(X6)*100,"") -> 0.64916379 | AA6: =MIN(D6:W6) -> 93.6836 | AB6: =MAX(D6:W6) -> 96.0286
A7: Target history | B7: 0 h | C7: Shift Score | D7: 0.2813 | E7: 0.2669 | F7: 0.2712 | G7: 0.251 | H7: 0.3033 | I7: 0.2644 | J7: 0.2847 | K7: 0.2648 | L7: 0.2826 | M7: 0.2569 | N7: 0.2623 | O7: 0.2699 | P7: 0.2915 | Q7: 0.3082 | R7: 0.2827 | S7: 0.2916 | T7: 0.2803 | U7: 0.2797 | V7: 0.2592 | W7: 0.2648 | X7: =AVERAGE(D7:W7) -> 0.275865 | Y7: =_xlfn.STDEV.S(D7:W7) -> 0.015352054 | Z7: =IFERROR(Y7/ABS(X7)*100,"") -> 5.5650603 | AA7: =MIN(D7:W7) -> 0.251 | AB7: =MAX(D7:W7) -> 0.3082
A8: Target history | B8: 6 h | C8: MAE | D8: 0.7665 | E8: 0.7658 | F8: 0.778 | G8: 0.7219 | H8: 0.7619 | I8: 0.7915 | J8: 0.7702 | K8: 0.8226 | L8: 0.7704 | M8: 0.7709 | N8: 0.7669 | O8: 0.7731 | P8: 0.7976 | Q8: 0.7319 | R8: 0.7037 | S8: 0.7611 | T8: 0.7967 | U8: 0.8123 | V8: 0.7245 | W8: 0.769 | X8: =AVERAGE(D8:W8) -> 0.767825 | Y8: =_xlfn.STDEV.S(D8:W8) -> 0.029814724 | Z8: =IFERROR(Y8/ABS(X8)*100,"") -> 3.8830103 | AA8: =MIN(D8:W8) -> 0.7037 | AB8: =MAX(D8:W8) -> 0.8226
A9: Target history | B9: 6 h | C9: RMSE | D9: 0.9858 | E9: 1.0066 | F9: 0.9933 | G9: 1.0455 | H9: 1.0445 | I9: 1.0302 | J9: 0.9949 | K9: 1.0167 | L9: 0.9737 | M9: 0.9405 | N9: 1.0076 | O9: 0.9811 | P9: 1.0048 | Q9: 1.02 | R9: 1.0422 | S9: 0.9973 | T9: 1.0728 | U9: 1.0457 | V9: 1.0295 | W9: 1.0464 | X9: =AVERAGE(D9:W9) -> 1.013955 | Y9: =_xlfn.STDEV.S(D9:W9) -> 0.031566396 | Z9: =IFERROR(Y9/ABS(X9)*100,"") -> 3.1131949 | AA9: =MIN(D9:W9) -> 0.9405 | AB9: =MAX(D9:W9) -> 1.0728
A10: Target history | B10: 6 h | C10: sMAPE (%) | D10: 6.5423 | E10: 6.6083 | F10: 6.6462 | G10: 6.5376 | H10: 6.6896 | I10: 6.52 | J10: 6.8209 | K10: 6.5603 | L10: 6.4436 | M10: 6.1408 | N10: 6.2349 | O10: 6.0923 | P10: 6.7856 | Q10: 6.6536 | R10: 6.5905 | S10: 6.5083 | T10: 6.2742 | U10: 6.4695 | V10: 6.8619 | W10: 6.52 | X10: =AVERAGE(D10:W10) -> 6.52502 | Y10: =_xlfn.STDEV.S(D10:W10) -> 0.20927913 | Z10: =IFERROR(Y10/ABS(X10)*100,"") -> 3.2073331 | AA10: =MIN(D10:W10) -> 6.0923 | AB10: =MAX(D10:W10) -> 6.8619
A11: Target history | B11: 6 h | C11: R2 | D11: 0.8779 | E11: 0.8797 | F11: 0.8759 | G11: 0.8742 | H11: 0.8673 | I11: 0.8645 | J11: 0.8651 | K11: 0.8643 | L11: 0.875 | M11: 0.8804 | N11: 0.875 | O11: 0.8738 | P11: 0.8562 | Q11: 0.8688 | R11: 0.8583 | S11: 0.8796 | T11: 0.8595 | U11: 0.8708 | V11: 0.861 | W11: 0.8731 | X11: =AVERAGE(D11:W11) -> 0.87002 | Y11: =_xlfn.STDEV.S(D11:W11) -> 0.0076019804 | Z11: =IFERROR(Y11/ABS(X11)*100,"") -> 0.87377076 | AA11: =MIN(D11:W11) -> 0.8562 | AB11: =MAX(D11:W11) -> 0.8804
A12: Target history | B12: 6 h | C12: PICP (%) | D12: 95.7974 | E12: 93.9012 | F12: 94.2724 | G12: 93.7213 | H12: 94.84 | I12: 93.5885 | J12: 94.0258 | K12: 95.4991 | L12: 93.1334 | M12: 95.4983 | N12: 93.376 | O12: 94.6821 | P12: 96.0194 | Q12: 95.023 | R12: 93.3876 | S12: 96.23 | T12: 93.7522 | U12: 92.7077 | V12: 94.5778 | W12: 96.982 | X12: =AVERAGE(D12:W12) -> 94.55076 | Y12: =_xlfn.STDEV.S(D12:W12) -> 1.1636839 | Z12: =IFERROR(Y12/ABS(X12)*100,"") -> 1.2307505 | AA12: =MIN(D12:W12) -> 92.7077 | AB12: =MAX(D12:W12) -> 96.982
A13: Target history | B13: 6 h | C13: Shift Score | D13: 0.255 | E13: 0.2769 | F13: 0.2197 | G13: 0.2523 | H13: 0.2271 | I13: 0.253 | J13: 0.2712 | K13: 0.265 | L13: 0.249 | M13: 0.2514 | N13: 0.256 | O13: 0.2477 | P13: 0.2453 | Q13: 0.2479 | R13: 0.2506 | S13: 0.2434 | T13: 0.2938 | U13: 0.2606 | V13: 0.2311 | W13: 0.246 | X13: =AVERAGE(D13:W13) -> 0.25215 | Y13: =_xlfn.STDEV.S(D13:W13) -> 0.016711279 | Z13: =IFERROR(Y13/ABS(X13)*100,"") -> 6.6275149 | AA13: =MIN(D13:W13) -> 0.2197 | AB13: =MAX(D13:W13) -> 0.2938
... A73: Target-data fraction | B73: 50% | C73: Shift Score | D73: 0.1859 | E73: 0.1829 | F73: 0.1909 | G73: 0.1786 | H73: 0.1853 | I73: 0.1748 | J73: 0.1711 | K73: 0.1681 | L73: 0.1832 | M73: 0.1773 | N73: 0.1816 | O73: 0.173 | P73: 0.1744 | Q73: 0.1742 | R73: 0.1766 | S73: 0.1736 | T73: 0.1712 | U73: 0.1847 | V73: 0.1549 | W73: 0.1699 | X73: =AVERAGE(D73:W73) -> 0.17661 | Y73: =_xlfn.STDEV.S(D73:W73) -> 0.0080402213 | Z73: =IFERROR(Y73/ABS(X73)*100,"") -> 4.5525289 | AA73: =MIN(D73:W73) -> 0.1549 | AB73: =MAX(D73:W73) -> 0.1909

Sheet Table5_Summary
A1: Supervision Control | B1: Availability | C1: MAE | D1: RMSE | E1: sMAPE (%) | F1: R2 | G1: PICP (%) | H1: Shift Score
A2: Target history | B2: 0 h | C2: =TEXT(Results_Table5!X2,"0.000")&" ± "&TEXT(Results_Table5!Y2,"0.000") -> 0.826 ± 0.021 | D2: =TEXT(Results_Table5!X3,"0.000")&" ± "&TEXT(Results_Table5!Y3,"0.000") -> 1.095 ± 0.018 | E2: =TEXT(Results_Table5!X4,"0.000")&" ± "&TEXT(Results_Table5!Y4,"0.000") -> 7.004 ± 0.183 | F2: =TEXT(Results_Table5!X5,"0.000")&" ± "&TEXT(Results_Table5!Y5,"0.000") -> 0.859 ± 0.004 | G2: =TEXT(Results_Table5!X6,"0.000")&" ± "&TEXT(Results_Table5!Y6,"0.000") -> 94.665 ± 0.615 | H2: =TEXT(Results_Table5!X7,"0.000")&" ± "&TEXT(Results_Table5!Y7,"0.000") -> 0.276 ± 0.015
A3: Target history | B3: 6 h | C3: =TEXT(Results_Table5!X8,"0.000")&" ± "&TEXT(Results_Table5!Y8,"0.000") -> 0.768 ± 0.030 | D3: =TEXT(Results_Table5!X9,"0.000")&" ± "&TEXT(Results_Table5!Y9,"0.000") -> 1.014 ± 0.032 | E3: =TEXT(Results_Table5!X10,"0.000")&" ± "&TEXT(Results_Table5!Y10,"0.000") -> 6.525 ± 0.209 | F3: =TEXT(Results_Table5!X11,"0.000")&" ± "&TEXT(Results_Table5!Y11,"0.000") -> 0.870 ± 0.008 | G3: =TEXT(Results_Table5!X12,"0.000")&" ± "&TEXT(Results_Table5!Y12,"0.000") -> 94.551 ± 1.164 | H3: =TEXT(Results_Table5!X13,"0.000")&" ± "&TEXT(Results_Table5!Y13,"0.000") -> 0.252 ± 0.017
A4: Target history | B4: 12 h | C4: =TEXT(Results_Table5!X14,"0.000")&" ± "&TEXT(Results_Table5!Y14,"0.000") -> 0.711 ± 0.032 | D4: =TEXT(Results_Table5!X15,"0.000")&" ± "&TEXT(Results_Table5!Y15,"0.000") -> 0.940 ± 0.021 | E4: =TEXT(Results_Table5!X16,"0.000")&" ± "&TEXT(Results_Table5!Y16,"0.000") -> 5.986 ± 0.200 | F4: =TEXT(Results_Table5!X17,"0.000")&" ± "&TEXT(Results_Table5!Y17,"0.000") -> 0.880 ± 0.004 | G4: =TEXT(Results_Table5!X18,"0.000")&" ± "&TEXT(Results_Table5!Y18,"0.000") -> 94.974 ± 0.563 | H4: =TEXT(Results_Table5!X19,"0.000")&" ± "&TEXT(Results_Table5!Y19,"0.000") -> 0.231 ± 0.010
A5: Target history | B5: 24 h | C5: =TEXT(Results_Table5!X20,"0.000")&" ± "&TEXT(Results_Table5!Y20,"0.000") -> 0.652 ± 0.016 | D5: =TEXT(Results_Table5!X21,"0.000")&" ± "&TEXT(Results_Table5!Y21,"0.000") -> 0.864 ± 0.036 | E5: =TEXT(Results_Table5!X22,"0.000")&" ± "&TEXT(Results_Table5!Y22,"0.000") -> 5.515 ± 0.164 | F5: =TEXT(Results_Table5!X23,"0.000")&" ± "&TEXT(Results_Table5!Y23,"0.000") -> 0.889 ± 0.004 | G5: =TEXT(Results_Table5!X24,"0.000")&" ± "&TEXT(Results_Table5!Y24,"0.000") -> 94.682 ± 0.883 | H5: =TEXT(Results_Table5!X25,"0.000")&" ± "&TEXT(Results_Table5!Y25,"0.000") -> 0.214 ± 0.011
A6: Target history | B6: 3 d | C6: =TEXT(Results_Table5!X26,"0.000")&" ± "&TEXT(Results_Table5!Y26,"0.000") -> 0.605 ± 0.020 | D6: =TEXT(Results_Table5!X27,"0.000")&" ± "&TEXT(Results_Table5!Y27,"0.000") -> 0.802 ± 0.020 | E6: =TEXT(Results_Table5!X28,"0.000")&" ± "&TEXT(Results_Table5!Y28,"0.000") -> 5.101 ± 0.180 | F6: =TEXT(Results_Table5!X29,"0.000")&" ± "&TEXT(Results_Table5!Y29,"0.000") -> 0.898 ± 0.005 | G6: =TEXT(Results_Table5!X30,"0.000")&" ± "&TEXT(Results_Table5!Y30,"0.000") -> 94.860 ± 0.565 | H6: =TEXT(Results_Table5!X31,"0.000")&" ± "&TEXT(Results_Table5!Y31,"0.000") -> 0.192 ± 0.009
A7: Target history | B7: 7 d | C7: =TEXT(Results_Table5!X32,"0.000")&" ± "&TEXT(Results_Table5!Y32,"0.000") -> 0.550 ± 0.017 | D7: =TEXT(Results_Table5!X33,"0.000")&" ± "&TEXT(Results_Table5!Y33,"0.000") -> 0.727 ± 0.013 | E7: =TEXT(Results_Table5!X34,"0.000")&" ± "&TEXT(Results_Table5!Y34,"0.000") -> 4.628 ± 0.166 | F7: =TEXT(Results_Table5!X35,"0.000")&" ± "&TEXT(Results_Table5!Y35,"0.000") -> 0.907 ± 0.004 | G7: =TEXT(Results_Table5!X36,"0.000")&" ± "&TEXT(Results_Table5!Y36,"0.000") -> 94.506 ± 0.522 | H7: =TEXT(Results_Table5!X37,"0.000")&" ± "&TEXT(Results_Table5!Y37,"0.000") -> 0.172 ± 0.007
A8: Target-data fraction | B8: 1% | C8: =TEXT(Results_Table5!X38,"0.000")&" ± "&TEXT(Results_Table5!Y38,"0.000") -> 0.804 ± 0.021 | D8: =TEXT(Results_Table5!X39,"0.000")&" ± "&TEXT(Results_Table5!Y39,"0.000") -> 1.067 ± 0.032 | E8: =TEXT(Results_Table5!X40,"0.000")&" ± "&TEXT(Results_Table5!Y40,"0.000") -> 6.757 ± 0.251 | F8: =TEXT(Results_Table5!X41,"0.000")&" ± "&TEXT(Results_Table5!Y41,"0.000") -> 0.863 ± 0.005 | G8: =TEXT(Results_Table5!X42,"0.000")&" ± "&TEXT(Results_Table5!Y42,"0.000") -> 94.987 ± 0.729 | H8: =TEXT(Results_Table5!X43,"0.000")&" ± "&TEXT(Results_Table5!Y43,"0.000") -> 0.270 ± 0.011
A9: Target-data fraction | B9: 2% | C9: =TEXT(Results_Table5!X44,"0.000")&" ± "&TEXT(Results_Table5!Y44,"0.000") -> 0.762 ± 0.031 | D9: =TEXT(Results_Table5!X45,"0.000")&" ± "&TEXT(Results_Table5!Y45,"0.000") -> 1.006 ± 0.042 | E9: =TEXT(Results_Table5!X46,"0.000")&" ± "&TEXT(Results_Table5!Y46,"0.000") -> 6.439 ± 0.255 | F9: =TEXT(Results_Table5!X47,"0.000")&" ± "&TEXT(Results_Table5!Y47,"0.000") -> 0.871 ± 0.005 | G9: =TEXT(Results_Table5!X48,"0.000")&" ± "&TEXT(Results_Table5!Y48,"0.000") -> 94.854 ± 0.722 | H9: =TEXT(Results_Table5!X49,"0.000")&" ± "&TEXT(Results_Table5!Y49,"0.000") -> 0.250 ± 0.015
A10: Target-data fraction | B10: 5% | C10: =TEXT(Results_Table5!X50,"0.000")&" ± "&TEXT(Results_Table5!Y50,"0.000") -> 0.713 ± 0.042 | D10: =TEXT(Results_Table5!X51,"0.000")&" ± "&TEXT(Results_Table5!Y51,"0.000") -> 0.945 ± 0.031 | E10: =TEXT(Results_Table5!X52,"0.000")&" ± "&TEXT(Results_Table5!Y52,"0.000") -> 5.980 ± 0.302 | F10: =TEXT(Results_Table5!X53,"0.000")&" ± "&TEXT(Results_Table5!Y53,"0.000") -> 0.879 ± 0.005 | G10: =TEXT(Results_Table5!X54,"0.000")&" ± "&TEXT(Results_Table5!Y54,"0.000") -> 94.489 ± 0.727 | H10: =TEXT(Results_Table5!X55,"0.000")&" ± "&TEXT(Results_Table5!Y55,"0.000") -> 0.235 ± 0.012
A11: Target-data fraction | B11: 10% | C11: =TEXT(Results_Table5!X56,"0.000")&" ± "&TEXT(Results_Table5!Y56,"0.000") -> 0.659 ± 0.023 | D11: =TEXT(Results_Table5!X57,"0.000")&" ± "&TEXT(Results_Table5!Y57,"0.000") -> 0.872 ± 0.028 | E11: =TEXT(Results_Table5!X58,"0.000")&" ± "&TEXT(Results_Table5!Y58,"0.000") -> 5.574 ± 0.239 | F11: =TEXT(Results_Table5!X59,"0.000")&" ± "&TEXT(Results_Table5!Y59,"0.000") -> 0.890 ± 0.004 | G11: =TEXT(Results_Table5!X60,"0.000")&" ± "&TEXT(Results_Table5!Y60,"0.000") -> 94.782 ± 0.719 | H11: =TEXT(Results_Table5!X61,"0.000")&" ± "&TEXT(Results_Table5!Y61,"0.000") -> 0.208 ± 0.011
A12: Target-data fraction | B12: 25% | C12: =TEXT(Results_Table5!X62,"0.000")&" ± "&TEXT(Results_Table5!Y62,"0.000") -> 0.606 ± 0.022 | D12: =TEXT(Results_Table5!X63,"0.000")&" ± "&TEXT(Results_Table5!Y63,"0.000") -> 0.801 ± 0.022 | E12: =TEXT(Results_Table5!X64,"0.000")&" ± "&TEXT(Results_Table5!Y64,"0.000") -> 5.134 ± 0.286 | F12: =TEXT(Results_Table5!X65,"0.000")&" ± "&TEXT(Results_Table5!Y65,"0.000") -> 0.898 ± 0.004 | G12: =TEXT(Results_Table5!X66,"0.000")&" ± "&TEXT(Results_Table5!Y66,"0.000") -> 94.725 ± 0.516 | H12: =TEXT(Results_Table5!X67,"0.000")&" ± "&TEXT(Results_Table5!Y67,"0.000") -> 0.190 ± 0.008
A13: Target-data fraction | B13: 50% | C13: =TEXT(Results_Table5!X68,"0.000")&" ± "&TEXT(Results_Table5!Y68,"0.000") -> 0.547 ± 0.014 | D13: =TEXT(Results_Table5!X69,"0.000")&" ± "&TEXT(Results_Table5!Y69,"0.000") -> 0.727 ± 0.020 | E13: =TEXT(Results_Table5!X70,"0.000")&" ± "&TEXT(Results_Table5!Y70,"0.000") -> 4.610 ± 0.143 | F13: =TEXT(Results_Table5!X71,"0.000")&" ± "&TEXT(Results_Table5!Y71,"0.000") -> 0.907 ± 0.004 | G13: =TEXT(Results_Table5!X72,"0.000")&" ± "&TEXT(Results_Table5!Y72,"0.000") -> 94.849 ± 0.557 | H13: =TEXT(Results_Table5!X73,"0.000")&" ± "&TEXT(Results_Table5!Y73,"0.000") -> 0.177 ± 0.008
