Workbook

Sheet Results_Table11
A1: Coverage | B1: Rejected | C1: Metric | D1: Run 1 | E1: Run 2 | F1: Run 3 | G1: Run 4 | H1: Run 5 | I1: Run 6 | J1: Run 7 | K1: Run 8 | L1: Run 9 | M1: Run 10 | N1: Run 11 | O1: Run 12 | P1: Run 13 | Q1: Run 14 | R1: Run 15 | S1: Run 16 | T1: Run 17 | U1: Run 18 | V1: Run 19 | W1: Run 20 | X1: Mean | Y1: SD | Z1: CV (%) | AA1: Min | AB1: Max
A2: 100% | B2: 0% | C2: MAE | D2: 0.84290657 | E2: 0.82543987 | F2: 0.7771192 | G2: 0.78436195 | H2: 0.85801119 | I2: 0.82917348 | J2: 0.78278669 | K2: 0.81654838 | L2: 0.81730111 | M2: 0.86182007 | N2: 0.80904579 | O2: 0.81978622 | P2: 0.81181213 | Q2: 0.79743665 | R2: 0.8150718 | S2: 0.79210396 | T2: 0.79214999 | U2: 0.79931687 | V2: 0.83209691 | W2: 0.77571116 | X2: =AVERAGE(D2:W2) -> 0.812 | Y2: =_xlfn.STDEV.S(D2:W2) -> 0.025 | Z2: =IFERROR(Y2/ABS(X2)*100,"") -> 3.0788177 | AA2: =MIN(D2:W2) -> 0.77571116 | AB2: =MAX(D2:W2) -> 0.86182007
A3: 100% | B3: 0% | C3: RMSE | D3: 1.1078989 | E3: 1.0731656 | F3: 0.99628522 | G3: 1.0513592 | H3: 1.1394182 | I3: 1.0673204 | J3: 1.08799 | K3: 1.1055119 | L3: 1.0870726 | M3: 1.01977 | N3: 1.0714456 | O3: 1.08074 | P3: 1.0884918 | Q3: 1.07078 | R3: 1.0678254 | S3: 1.0690303 | T3: 1.1024596 | U3: 1.0529611 | V3: 1.1136281 | W3: 1.0668461 | X3: =AVERAGE(D3:W3) -> 1.076 | Y3: =_xlfn.STDEV.S(D3:W3) -> 0.032 | Z3: =IFERROR(Y3/ABS(X3)*100,"") -> 2.9739777 | AA3: =MIN(D3:W3) -> 0.99628522 | AB3: =MAX(D3:W3) -> 1.1394182
A4: 100% | B4: 0% | C4: sMAPE (%) | D4: 7.0093405 | E4: 6.9953839 | F4: 6.9825142 | G4: 6.8115258 | H4: 6.9070448 | I4: 6.5939013 | J4: 7.1855582 | K4: 6.7469568 | L4: 7.1035219 | M4: 6.7669476 | N4: 6.9967758 | O4: 7.0676487 | P4: 6.897525 | Q4: 6.7982711 | R4: 6.9636753 | S4: 6.900585 | T4: 6.4339942 | U4: 6.5555939 | V4: 7.3673807 | W4: 6.4358553 | X4: =AVERAGE(D4:W4) -> 6.876 | Y4: =_xlfn.STDEV.S(D4:W4) -> 0.241 | Z4: =IFERROR(Y4/ABS(X4)*100,"") -> 3.5049447 | AA4: =MIN(D4:W4) -> 6.4339942 | AB4: =MAX(D4:W4) -> 7.3673807
A5: 100% | B5: 0% | C5: R2 | D5: 0.86147563 | E5: 0.86778592 | F5: 0.85632063 | G5: 0.85485172 | H5: 0.86480034 | I5: 0.86615985 | J5: 0.85951026 | K5: 0.85412775 | L5: 0.86344385 | M5: 0.86566365 | N5: 0.85668505 | O5: 0.86406714 | P5: 0.85940603 | Q5: 0.85918239 | R5: 0.86062175 | S5: 0.86099668 | T5: 0.859148 | U5: 0.86259482 | V5: 0.87344507 | W5: 0.86971347 | X5: =AVERAGE(D5:W5) -> 0.862 | Y5: =_xlfn.STDEV.S(D5:W5) -> 0.005 | Z5: =IFERROR(Y5/ABS(X5)*100,"") -> 0.5800464 | AA5: =MIN(D5:W5) -> 0.85412775 | AB5: =MAX(D5:W5) -> 0.87344507
A6: 100% | B6: 0% | C6: NLL | D6: 0.25009472 | E6: 0.2387886 | F6: 0.25659068 | G6: 0.24071706 | H6: 0.24966207 | I6: 0.22992396 | J6: 0.26177077 | K6: 0.22510222 | L6: 0.22028524 | M6: 0.25566073 | N6: 0.27824261 | O6: 0.24799583 | P6: 0.27352337 | Q6: 0.24335428 | R6: 0.23334164 | S6: 0.27338056 | T6: 0.21743093 | U6: 0.21156298 | V6: 0.25447468 | W6: 0.25809708 | X6: =AVERAGE(D6:W6) -> 0.246 | Y6: =_xlfn.STDEV.S(D6:W6) -> 0.019 | Z6: =IFERROR(Y6/ABS(X6)*100,"") -> 7.7235772 | AA6: =MIN(D6:W6) -> 0.21156298 | AB6: =MAX(D6:W6) -> 0.27824261
A7: 95% | B7: 5% | C7: MAE | D7: 0.74811435 | E7: 0.74995929 | F7: 0.78307676 | G7: 0.75800346 | H7: 0.79993884 | I7: 0.75732844 | J7: 0.79084263 | K7: 0.73522078 | L7: 0.73730882 | M7: 0.79644252 | N7: 0.74335326 | O7: 0.73461523 | P7: 0.79550228 | Q7: 0.79315989 | R7: 0.69378887 | S7: 0.76575998 | T7: 0.80310491 | U7: 0.76309518 | V7: 0.79731441 | W7: 0.7340701 | X7: =AVERAGE(D7:W7) -> 0.764 | Y7: =_xlfn.STDEV.S(D7:W7) -> 0.03 | Z7: =IFERROR(Y7/ABS(X7)*100,"") -> 3.9267016 | AA7: =MIN(D7:W7) -> 0.69378887 | AB7: =MAX(D7:W7) -> 0.80310491
A8: 95% | B8: 5% | C8: RMSE | D8: 1.0437163 | E8: 1.0057349 | F8: 1.0359085 | G8: 0.97745063 | H8: 0.9759785 | I8: 0.9814639 | J8: 0.98655659 | K8: 1.0428515 | L8: 0.99215939 | M8: 1.0708986 | N8: 1.0559612 | O8: 1.0189737 | P8: 1.0467608 | Q8: 0.95233871 | R8: 1.0390546 | S8: 0.95817429 | T8: 0.96172349 | U8: 1.0456929 | V8: 1.0168958 | W8: 0.97170592 | X8: =AVERAGE(D8:W8) -> 1.009 | Y8: =_xlfn.STDEV.S(D8:W8) -> 0.037 | Z8: =IFERROR(Y8/ABS(X8)*100,"") -> 3.666997 | AA8: =MIN(D8:W8) -> 0.95233871 | AB8: =MAX(D8:W8) -> 1.0708986
A9: 95% | B9: 5% | C9: sMAPE (%) | D9: 6.7303234 | E9: 6.3568167 | F9: 6.3347994 | G9: 6.364037 | H9: 6.4813848 | I9: 6.5396416 | J9: 7.0689588 | K9: 5.9881535 | L9: 6.9017661 | M9: 6.4939817 | N9: 6.0312593 | O9: 6.4181469 | P9: 6.6194665 | Q9: 6.6585978 | R9: 6.1594062 | S9: 6.3964527 | T9: 6.4723136 | U9: 6.1414202 | V9: 6.9154369 | W9: 6.4476369 | X9: =AVERAGE(D9:W9) -> 6.476 | Y9: =_xlfn.STDEV.S(D9:W9) -> 0.286 | Z9: =IFERROR(Y9/ABS(X9)*100,"") -> 4.4163064 | AA9: =MIN(D9:W9) -> 5.9881535 | AB9: =MAX(D9:W9) -> 7.0689588
A10: 95% | B10: 5% | C10: R2 | D10: 0.87224624 | E10: 0.87187938 | F10: 0.8771428 | G10: 0.87033587 | H10: 0.87076375 | I10: 0.8663976 | J10: 0.86690554 | K10: 0.87345102 | L10: 0.86184985 | M10: 0.87772542 | N10: 0.8582891 | O10: 0.86533098 | P10: 0.87794633 | Q10: 0.8713142 | R10: 0.85921867 | S10: 0.88007979 | T10: 0.86587014 | U10: 0.87185637 | V10: 0.87065282 | W10: 0.87074414 | X10: =AVERAGE(D10:W10) -> 0.87 | Y10: =_xlfn.STDEV.S(D10:W10) -> 0.006 | Z10: =IFERROR(Y10/ABS(X10)*100,"") -> 0.68965517 | AA10: =MIN(D10:W10) -> 0.8582891 | AB10: =MAX(D10:W10) -> 0.88007979
A11: 95% | B11: 5% | C11: NLL | D11: 0.19792868 | E11: 0.18119079 | F11: 0.15338225 | G11: 0.19645229 | H11: 0.17604276 | I11: 0.17108844 | J11: 0.21025961 | K11: 0.23400792 | L11: 0.1806499 | M11: 0.19210851 | N11: 0.1757502 | O11: 0.15529981 | P11: 0.16567942 | Q11: 0.19522366 | R11: 0.18117285 | S11: 0.13905034 | T11: 0.18109953 | U11: 0.1671075 | V11: 0.18998007 | W11: 0.17652547 | X11: =AVERAGE(D11:W11) -> 0.181 | Y11: =_xlfn.STDEV.S(D11:W11) -> 0.021 | Z11: =IFERROR(Y11/ABS(X11)*100,"") -> 11.60221 | AA11: =MIN(D11:W11) -> 0.13905034 | AB11: =MAX(D11:W11) -> 0.23400792
A12: 90% | B12: 10% | C12: MAE | D12: 0.70069238 | E12: 0.72722118 | F12: 0.69815627 | G12: 0.65203987 | H12: 0.70806761 | I12: 0.68291812 | J12: 0.69854193 | K12: 0.6909533 | L12: 0.69974918 | M12: 0.71412969 | N12: 0.71824316 | O12: 0.70015073 | P12: 0.73375937 | Q12: 0.73249664 | R12: 0.69491465 | S12: 0.70727462 | T12: 0.72025515 | U12: 0.72958443 | V12: 0.72335271 | W12: 0.72749901 | X12: =AVERAGE(D12:W12) -> 0.708 | Y12: =_xlfn.STDEV.S(D12:W12) -> 0.02 | Z12: =IFERROR(Y12/ABS(X12)*100,"") -> 2.8248588 | AA12: =MIN(D12:W12) -> 0.65203987 | AB12: =MAX(D12:W12) -> 0.73375937
A13: 90% | B13: 10% | C13: RMSE | D13: 0.93798158 | E13: 0.96790476 | F13: 0.93224986 | G13: 0.99712506 | H13: 0.95835121 | I13: 0.96789292 | J13: 0.91146485 | K13: 0.951834 | L13: 0.95188926 | M13: 0.91581101 | N13: 0.93378649 | O13: 0.9609775 | P13: 0.8845942 | Q13: 0.94918319 | R13: 0.92550926 | S13: 0.92028411 | T13: 0.936682 | U13: 0.95562488 | V13: 0.9431439 | W13: 0.91770995 | X13: =AVERAGE(D13:W13) -> 0.941 | Y13: =_xlfn.STDEV.S(D13:W13) -> 0.025 | Z13: =IFERROR(Y13/ABS(X13)*100,"") -> 2.6567481 | AA13: =MIN(D13:W13) -> 0.8845942 | AB13: =MAX(D13:W13) -> 0.99712506
... A36: 50% | B36: 50% | C36: NLL | D36: -0.26349849 | E36: -0.24129119 | F36: -0.24914147 | G36: -0.27434714 | H36: -0.24404924 | I36: -0.23467907 | J36: -0.26346837 | K36: -0.22876129 | L36: -0.22296011 | M36: -0.23853201 | N36: -0.24467185 | O36: -0.27964814 | P36: -0.24641719 | Q36: -0.24192783 | R36: -0.2438072 | S36: -0.24334569 | T36: -0.22767622 | U36: -0.22973778 | V36: -0.24417513 | W36: -0.2378646 | X36: =AVERAGE(D36:W36) -> -0.245 | Y36: =_xlfn.STDEV.S(D36:W36) -> 0.015 | Z36: =IFERROR(Y36/ABS(X36)*100,"") -> 6.122449 | AA36: =MIN(D36:W36) -> -0.27964814 | AB36: =MAX(D36:W36) -> -0.22296011

Sheet Table11_Summary
A1: Coverage | B1: Rejected | C1: MAE | D1: RMSE | E1: sMAPE (%) | F1: R2 | G1: NLL
A2: 100% | B2: 0% | C2: =TEXT(Results_Table11!X2,"0.000")&" ± "&TEXT(Results_Table11!Y2,"0.000") -> 0.812 ± 0.025 | D2: =TEXT(Results_Table11!X3,"0.000")&" ± "&TEXT(Results_Table11!Y3,"0.000") -> 1.076 ± 0.032 | E2: =TEXT(Results_Table11!X4,"0.000")&" ± "&TEXT(Results_Table11!Y4,"0.000") -> 6.876 ± 0.241 | F2: =TEXT(Results_Table11!X5,"0.000")&" ± "&TEXT(Results_Table11!Y5,"0.000") -> 0.862 ± 0.005 | G2: =TEXT(Results_Table11!X6,"0.000")&" ± "&TEXT(Results_Table11!Y6,"0.000") -> 0.246 ± 0.019
A3: 95% | B3: 5% | C3: =TEXT(Results_Table11!X7,"0.000")&" ± "&TEXT(Results_Table11!Y7,"0.000") -> 0.764 ± 0.030 | D3: =TEXT(Results_Table11!X8,"0.000")&" ± "&TEXT(Results_Table11!Y8,"0.000") -> 1.009 ± 0.037 | E3: =TEXT(Results_Table11!X9,"0.000")&" ± "&TEXT(Results_Table11!Y9,"0.000") -> 6.476 ± 0.286 | F3: =TEXT(Results_Table11!X10,"0.000")&" ± "&TEXT(Results_Table11!Y10,"0.000") -> 0.870 ± 0.006 | G3: =TEXT(Results_Table11!X11,"0.000")&" ± "&TEXT(Results_Table11!Y11,"0.000") -> 0.181 ± 0.021
A4: 90% | B4: 10% | C4: =TEXT(Results_Table11!X12,"0.000")&" ± "&TEXT(Results_Table11!Y12,"0.000") -> 0.708 ± 0.020 | D4: =TEXT(Results_Table11!X13,"0.000")&" ± "&TEXT(Results_Table11!Y13,"0.000") -> 0.941 ± 0.025 | E4: =TEXT(Results_Table11!X14,"0.000")&" ± "&TEXT(Results_Table11!Y14,"0.000") -> 5.992 ± 0.193 | F4: =TEXT(Results_Table11!X15,"0.000")&" ± "&TEXT(Results_Table11!Y15,"0.000") -> 0.879 ± 0.004 | G4: =TEXT(Results_Table11!X16,"0.000")&" ± "&TEXT(Results_Table11!Y16,"0.000") -> 0.111 ± 0.016
A5: 80% | B5: 20% | C5: =TEXT(Results_Table11!X17,"0.000")&" ± "&TEXT(Results_Table11!Y17,"0.000") -> 0.659 ± 0.027 | D5: =TEXT(Results_Table11!X18,"0.000")&" ± "&TEXT(Results_Table11!Y18,"0.000") -> 0.873 ± 0.036 | E5: =TEXT(Results_Table11!X19,"0.000")&" ± "&TEXT(Results_Table11!Y19,"0.000") -> 5.553 ± 0.251 | F5: =TEXT(Results_Table11!X20,"0.000")&" ± "&TEXT(Results_Table11!Y20,"0.000") -> 0.887 ± 0.005 | G5: =TEXT(Results_Table11!X21,"0.000")&" ± "&TEXT(Results_Table11!Y21,"0.000") -> 0.040 ± 0.021
A6: 70% | B6: 30% | C6: =TEXT(Results_Table11!X22,"0.000")&" ± "&TEXT(Results_Table11!Y22,"0.000") -> 0.603 ± 0.020 | D6: =TEXT(Results_Table11!X23,"0.000")&" ± "&TEXT(Results_Table11!Y23,"0.000") -> 0.796 ± 0.027 | E6: =TEXT(Results_Table11!X24,"0.000")&" ± "&TEXT(Results_Table11!Y24,"0.000") -> 5.113 ± 0.176 | F6: =TEXT(Results_Table11!X25,"0.000")&" ± "&TEXT(Results_Table11!Y25,"0.000") -> 0.898 ± 0.005 | G6: =TEXT(Results_Table11!X26,"0.000")&" ± "&TEXT(Results_Table11!Y26,"0.000") -> -0.058 ± 0.017
A7: 60% | B7: 40% | C7: =TEXT(Results_Table11!X27,"0.000")&" ± "&TEXT(Results_Table11!Y27,"0.000") -> 0.548 ± 0.015 | D7: =TEXT(Results_Table11!X28,"0.000")&" ± "&TEXT(Results_Table11!Y28,"0.000") -> 0.724 ± 0.022 | E7: =TEXT(Results_Table11!X29,"0.000")&" ± "&TEXT(Results_Table11!Y29,"0.000") -> 4.606 ± 0.158 | F7: =TEXT(Results_Table11!X30,"0.000")&" ± "&TEXT(Results_Table11!Y30,"0.000") -> 0.907 ± 0.004 | G7: =TEXT(Results_Table11!X31,"0.000")&" ± "&TEXT(Results_Table11!Y31,"0.000") -> -0.151 ± 0.013
A8: 50% | B8: 50% | C8: =TEXT(Results_Table11!X32,"0.000")&" ± "&TEXT(Results_Table11!Y32,"0.000") -> 0.500 ± 0.018 | D8: =TEXT(Results_Table11!X33,"0.000")&" ± "&TEXT(Results_Table11!Y33,"0.000") -> 0.661 ± 0.022 | E8: =TEXT(Results_Table11!X34,"0.000")&" ± "&TEXT(Results_Table11!Y34,"0.000") -> 4.225 ± 0.167 | F8: =TEXT(Results_Table11!X35,"0.000")&" ± "&TEXT(Results_Table11!Y35,"0.000") -> 0.916 ± 0.004 | G8: =TEXT(Results_Table11!X36,"0.000")&" ± "&TEXT(Results_Table11!Y36,"0.000") -> -0.245 ± 0.015
