Workbook

Sheet Results_Table14
A1: Configuration | B1: Metric | C1: Run 1 | D1: Run 2 | E1: Run 3 | F1: Run 4 | G1: Run 5 | H1: Run 6 | I1: Run 7 | J1: Run 8 | K1: Run 9 | L1: Run 10 | M1: Run 11 | N1: Run 12 | O1: Run 13 | P1: Run 14 | Q1: Run 15 | R1: Run 16 | S1: Run 17 | T1: Run 18 | U1: Run 19 | V1: Run 20 | W1: Mean | X1: SD | Y1: CV (%) | Z1: Min | AA1: Max
A2: Full model | B2: MAE | C2: 0.561 | D2: 0.5783 | E2: 0.5708 | F2: 0.5753 | G2: 0.5707 | H2: 0.5819 | I2: 0.5776 | J2: 0.555 | K2: 0.5643 | L2: 0.5856 | M2: 0.5897 | N2: 0.5931 | O2: 0.5544 | P2: 0.5829 | Q2: 0.6073 | R2: 0.5776 | S2: 0.575 | T2: 0.5725 | U2: 0.5887 | V2: 0.618 | W2: =AVERAGE(C2:V2) -> 0.578985 | X2: =_xlfn.STDEV.S(C2:V2) -> 0.015778375 | Y2: =IFERROR(X2/ABS(W2)*100,"") -> 2.7251786 | Z2: =MIN(C2:V2) -> 0.5544 | AA2: =MAX(C2:V2) -> 0.618
A3: Full model | B3: RMSE | C3: 0.743 | D3: 0.7425 | E3: 0.7291 | F3: 0.757 | G3: 0.7868 | H3: 0.8483 | I3: 0.7066 | J3: 0.7541 | K3: 0.7533 | L3: 0.7975 | M3: 0.7804 | N3: 0.7787 | O3: 0.741 | P3: 0.7712 | Q3: 0.7624 | R3: 0.7624 | S3: 0.8006 | T3: 0.7558 | U3: 0.7719 | V3: 0.7394 | W3: =AVERAGE(C3:V3) -> 0.7641 | X3: =_xlfn.STDEV.S(C3:V3) -> 0.030410594 | Y3: =IFERROR(X3/ABS(W3)*100,"") -> 3.9799233 | Z3: =MIN(C3:V3) -> 0.7066 | AA3: =MAX(C3:V3) -> 0.8483
A4: Full model | B4: sMAPE (%) | C4: 4.7627 | D4: 5.0954 | E4: 5.1406 | F4: 4.6397 | G4: 4.9643 | H4: 4.8255 | I4: 4.9049 | J4: 4.9995 | K4: 5.133 | L4: 4.7961 | M4: 4.962 | N4: 4.922 | O4: 4.8454 | P4: 4.8604 | Q4: 4.7479 | R4: 4.7984 | S4: 4.7912 | T4: 4.7727 | U4: 4.78 | V4: 5.0646 | W4: =AVERAGE(C4:V4) -> 4.890315 | X4: =_xlfn.STDEV.S(C4:V4) -> 0.14093005 | Y4: =IFERROR(X4/ABS(W4)*100,"") -> 2.8818195 | Z4: =MIN(C4:V4) -> 4.6397 | AA4: =MAX(C4:V4) -> 5.1406
A5: Full model | B5: R2 | C5: 0.9061 | D5: 0.8965 | E5: 0.9046 | F5: 0.894 | G5: 0.9029 | H5: 0.9156 | I5: 0.9041 | J5: 0.9073 | K5: 0.9006 | L5: 0.8961 | M5: 0.9028 | N5: 0.9057 | O5: 0.9089 | P5: 0.9096 | Q5: 0.9031 | R5: 0.9025 | S5: 0.8938 | T5: 0.9013 | U5: 0.9026 | V5: 0.9015 | W5: =AVERAGE(C5:V5) -> 0.90298 | X5: =_xlfn.STDEV.S(C5:V5) -> 0.0053466763 | Y5: =IFERROR(X5/ABS(W5)*100,"") -> 0.59211459 | Z5: =MIN(C5:V5) -> 0.8938 | AA5: =MAX(C5:V5) -> 0.9156
A6: Without harmonization | B6: MAE | C6: 0.6434 | D6: 0.6764 | E6: 0.6851 | F6: 0.6201 | G6: 0.6724 | H6: 0.6679 | I6: 0.6761 | J6: 0.6792 | K6: 0.6199 | L6: 0.6404 | M6: 0.706 | N6: 0.6893 | O6: 0.6579 | P6: 0.6583 | Q6: 0.7138 | R6: 0.6625 | S6: 0.6468 | T6: 0.7071 | U6: 0.6491 | V6: 0.6709 | W6: =AVERAGE(C6:V6) -> 0.66713 | X6: =_xlfn.STDEV.S(C6:V6) -> 0.02625657 | Y6: =IFERROR(X6/ABS(W6)*100,"") -> 3.9357502 | Z6: =MIN(C6:V6) -> 0.6199 | AA6: =MAX(C6:V6) -> 0.7138
A7: Without harmonization | B7: RMSE | C7: 0.8027 | D7: 0.917 | E7: 0.8652 | F7: 0.8347 | G7: 0.8486 | H7: 0.8236 | I7: 0.8495 | J7: 0.9008 | K7: 0.8214 | L7: 0.9164 | M7: 0.9357 | N7: 0.927 | O7: 0.9096 | P7: 0.8531 | Q7: 0.9063 | R7: 0.8614 | S7: 0.8938 | T7: 0.9078 | U7: 0.9346 | V7: 0.9042 | W7: =AVERAGE(C7:V7) -> 0.88067 | X7: =_xlfn.STDEV.S(C7:V7) -> 0.041278363 | Y7: =IFERROR(X7/ABS(W7)*100,"") -> 4.6871545 | Z7: =MIN(C7:V7) -> 0.8027 | AA7: =MAX(C7:V7) -> 0.9357
A8: Without harmonization | B8: sMAPE (%) | C8: 5.6637 | D8: 5.6258 | E8: 5.7112 | F8: 5.7108 | G8: 5.7943 | H8: 5.7429 | I8: 5.7289 | J8: 5.9654 | K8: 5.6908 | L8: 5.5657 | M8: 5.5903 | N8: 5.8438 | O8: 5.8397 | P8: 5.5891 | Q8: 5.4862 | R8: 5.1351 | S8: 5.6447 | T8: 5.4797 | U8: 5.5331 | V8: 5.4119 | W8: =AVERAGE(C8:V8) -> 5.637655 | X8: =_xlfn.STDEV.S(C8:V8) -> 0.1808243 | Y8: =IFERROR(X8/ABS(W8)*100,"") -> 3.2074382 | Z8: =MIN(C8:V8) -> 5.1351 | AA8: =MAX(C8:V8) -> 5.9654
A9: Without harmonization | B9: R2 | C9: 0.872 | D9: 0.8989 | E9: 0.8936 | F9: 0.8871 | G9: 0.8821 | H9: 0.8942 | I9: 0.8913 | J9: 0.9011 | K9: 0.8833 | L9: 0.8872 | M9: 0.8879 | N9: 0.8929 | O9: 0.8837 | P9: 0.8872 | Q9: 0.8827 | R9: 0.905 | S9: 0.8832 | T9: 0.8859 | U9: 0.8898 | V9: 0.8915 | W9: =AVERAGE(C9:V9) -> 0.88903 | X9: =_xlfn.STDEV.S(C9:V9) -> 0.0074953389 | Y9: =IFERROR(X9/ABS(W9)*100,"") -> 0.84309179 | Z9: =MIN(C9:V9) -> 0.872 | AA9: =MAX(C9:V9) -> 0.905
A10: Without modality masking | B10: MAE | C10: 0.7366 | D10: 0.7042 | E10: 0.6516 | F10: 0.6844 | G10: 0.6956 | H10: 0.7472 | I10: 0.6798 | J10: 0.7138 | K10: 0.6957 | L10: 0.6918 | M10: 0.6864 | N10: 0.7238 | O10: 0.7091 | P10: 0.6164 | Q10: 0.6458 | R10: 0.7016 | S10: 0.6731 | T10: 0.7062 | U10: 0.6917 | V10: 0.658 | W10: =AVERAGE(C10:V10) -> 0.69064 | X10: =_xlfn.STDEV.S(C10:V10) -> 0.031187589 | Y10: =IFERROR(X10/ABS(W10)*100,"") -> 4.5157519 | Z10: =MIN(C10:V10) -> 0.6164 | AA10: =MAX(C10:V10) -> 0.7472
A11: Without modality masking | B11: RMSE | C11: 0.9041 | D11: 0.9162 | E11: 0.9189 | F11: 0.9739 | G11: 0.8944 | H11: 0.8866 | I11: 0.8974 | J11: 0.9349 | K11: 0.895 | L11: 0.9149 | M11: 0.9408 | N11: 0.9244 | O11: 0.9463 | P11: 0.8564 | Q11: 0.8872 | R11: 0.9727 | S11: 0.8715 | T11: 0.9043 | U11: 0.8561 | V11: 0.9712 | W11: =AVERAGE(C11:V11) -> 0.91336 | X11: =_xlfn.STDEV.S(C11:V11) -> 0.035386399 | Y11: =IFERROR(X11/ABS(W11)*100,"") -> 3.8743102 | Z11: =MIN(C11:V11) -> 0.8561 | AA11: =MAX(C11:V11) -> 0.9739
A12: Without modality masking | B12: sMAPE (%) | C12: 6.0616 | D12: 5.7499 | E12: 5.7365 | F12: 5.7655 | G12: 5.414 | H12: 6.1315 | I12: 5.149 | J12: 5.6536 | K12: 5.7785 | L12: 6.1517 | M12: 6.0833 | N12: 5.4398 | O12: 5.9802 | P12: 6.0349 | Q12: 6.053 | R12: 5.5166 | S12: 5.9813 | T12: 6.2406 | U12: 5.8495 | V12: 5.7519 | W12: =AVERAGE(C12:V12) -> 5.826145 | X12: =_xlfn.STDEV.S(C12:V12) -> 0.2869543 | Y12: =IFERROR(X12/ABS(W12)*100,"") -> 4.925286 | Z12: =MIN(C12:V12) -> 5.149 | AA12: =MAX(C12:V12) -> 6.2406
A13: Without modality masking | B13: R2 | C13: 0.8851 | D13: 0.887 | E13: 0.8755 | F13: 0.8779 | G13: 0.8815 | H13: 0.8868 | I13: 0.8773 | J13: 0.8793 | K13: 0.8888 | L13: 0.8892 | M13: 0.8817 | N13: 0.8919 | O13: 0.8818 | P13: 0.8829 | Q13: 0.883 | R13: 0.889 | S13: 0.888 | T13: 0.8765 | U13: 0.8877 | V13: 0.8899 | W13: =AVERAGE(C13:V13) -> 0.88404 | X13: =_xlfn.STDEV.S(C13:V13) -> 0.0049804248 | Y13: =IFERROR(X13/ABS(W13)*100,"") -> 0.56337098 | Z13: =MIN(C13:V13) -> 0.8755 | AA13: =MAX(C13:V13) -> 0.8919
... A41: Single shared encoder | B41: R2 | C41: 0.8693 | D41: 0.8673 | E41: 0.8719 | F41: 0.8683 | G41: 0.8734 | H41: 0.8738 | I41: 0.8716 | J41: 0.8804 | K41: 0.8643 | L41: 0.8664 | M41: 0.8635 | N41: 0.8985 | O41: 0.8855 | P41: 0.8684 | Q41: 0.8633 | R41: 0.8783 | S41: 0.8734 | T41: 0.8661 | U41: 0.8678 | V41: 0.8694 | W41: =AVERAGE(C41:V41) -> 0.872045 | X41: =_xlfn.STDEV.S(C41:V41) -> 0.0084475767 | Y41: =IFERROR(X41/ABS(W41)*100,"") -> 0.96870881 | Z41: =MIN(C41:V41) -> 0.8633 | AA41: =MAX(C41:V41) -> 0.8985

Sheet Table14_Summary
A1: Configuration | B1: MAE | C1: RMSE | D1: sMAPE (%) | E1: R2 | F1: Relative MAE Δ (%)
A2: Full model | B2: =TEXT(Results_Table14!W2,"0.000")&" ± "&TEXT(Results_Table14!X2,"0.000") -> 0.579 ± 0.016 | C2: =TEXT(Results_Table14!W3,"0.000")&" ± "&TEXT(Results_Table14!X3,"0.000") -> 0.764 ± 0.030 | D2: =TEXT(Results_Table14!W4,"0.000")&" ± "&TEXT(Results_Table14!X4,"0.000") -> 4.890 ± 0.141 | E2: =TEXT(Results_Table14!W5,"0.000")&" ± "&TEXT(Results_Table14!X5,"0.000") -> 0.903 ± 0.005 | F2: 0
A3: Without harmonization | B3: =TEXT(Results_Table14!W6,"0.000")&" ± "&TEXT(Results_Table14!X6,"0.000") -> 0.667 ± 0.026 | C3: =TEXT(Results_Table14!W7,"0.000")&" ± "&TEXT(Results_Table14!X7,"0.000") -> 0.881 ± 0.041 | D3: =TEXT(Results_Table14!W8,"0.000")&" ± "&TEXT(Results_Table14!X8,"0.000") -> 5.638 ± 0.181 | E3: =TEXT(Results_Table14!W9,"0.000")&" ± "&TEXT(Results_Table14!X9,"0.000") -> 0.889 ± 0.007 | F3: =(Results_Table14!W6/Results_Table14!$W$2-1)*100 -> 15.224056
A4: Without modality masking | B4: =TEXT(Results_Table14!W10,"0.000")&" ± "&TEXT(Results_Table14!X10,"0.000") -> 0.691 ± 0.031 | C4: =TEXT(Results_Table14!W11,"0.000")&" ± "&TEXT(Results_Table14!X11,"0.000") -> 0.913 ± 0.035 | D4: =TEXT(Results_Table14!W12,"0.000")&" ± "&TEXT(Results_Table14!X12,"0.000") -> 5.826 ± 0.287 | E4: =TEXT(Results_Table14!W13,"0.000")&" ± "&TEXT(Results_Table14!X13,"0.000") -> 0.884 ± 0.005 | F4: =(Results_Table14!W10/Results_Table14!$W$2-1)*100 -> 19.28461
A5: Without spatial graph | B5: =TEXT(Results_Table14!W14,"0.000")&" ± "&TEXT(Results_Table14!X14,"0.000") -> 0.653 ± 0.025 | C5: =TEXT(Results_Table14!W15,"0.000")&" ± "&TEXT(Results_Table14!X15,"0.000") -> 0.866 ± 0.042 | D5: =TEXT(Results_Table14!W16,"0.000")&" ± "&TEXT(Results_Table14!X16,"0.000") -> 5.512 ± 0.160 | E5: =TEXT(Results_Table14!W17,"0.000")&" ± "&TEXT(Results_Table14!X17,"0.000") -> 0.891 ± 0.005 | F5: =(Results_Table14!W14/Results_Table14!$W$2-1)*100 -> 12.806895
A6: Without learned dynamic graph | B6: =TEXT(Results_Table14!W18,"0.000")&" ± "&TEXT(Results_Table14!X18,"0.000") -> 0.680 ± 0.025 | C6: =TEXT(Results_Table14!W19,"0.000")&" ± "&TEXT(Results_Table14!X19,"0.000") -> 0.902 ± 0.052 | D6: =TEXT(Results_Table14!W20,"0.000")&" ± "&TEXT(Results_Table14!X20,"0.000") -> 5.747 ± 0.208 | E6: =TEXT(Results_Table14!W21,"0.000")&" ± "&TEXT(Results_Table14!X21,"0.000") -> 0.886 ± 0.006 | F6: =(Results_Table14!W18/Results_Table14!$W$2-1)*100 -> 17.452956
A7: Without domain alignment | B7: =TEXT(Results_Table14!W22,"0.000")&" ± "&TEXT(Results_Table14!X22,"0.000") -> 0.728 ± 0.027 | C7: =TEXT(Results_Table14!W23,"0.000")&" ± "&TEXT(Results_Table14!X23,"0.000") -> 0.966 ± 0.044 | D7: =TEXT(Results_Table14!W24,"0.000")&" ± "&TEXT(Results_Table14!X24,"0.000") -> 6.143 ± 0.306 | E7: =TEXT(Results_Table14!W25,"0.000")&" ± "&TEXT(Results_Table14!X25,"0.000") -> 0.876 ± 0.008 | F7: =(Results_Table14!W22/Results_Table14!$W$2-1)*100 -> 25.663014
A8: Without uncertainty head | B8: =TEXT(Results_Table14!W26,"0.000")&" ± "&TEXT(Results_Table14!X26,"0.000") -> 0.612 ± 0.016 | C8: =TEXT(Results_Table14!W27,"0.000")&" ± "&TEXT(Results_Table14!X27,"0.000") -> 0.809 ± 0.023 | D8: =TEXT(Results_Table14!W28,"0.000")&" ± "&TEXT(Results_Table14!X28,"0.000") -> 5.169 ± 0.168 | E8: =TEXT(Results_Table14!W29,"0.000")&" ± "&TEXT(Results_Table14!X29,"0.000") -> 0.897 ± 0.004 | F8: =(Results_Table14!W26/Results_Table14!$W$2-1)*100 -> 5.6797672
A9: Without temporal encoder | B9: =TEXT(Results_Table14!W30,"0.000")&" ± "&TEXT(Results_Table14!X30,"0.000") -> 0.816 ± 0.049 | C9: =TEXT(Results_Table14!W31,"0.000")&" ± "&TEXT(Results_Table14!X31,"0.000") -> 1.081 ± 0.049 | D9: =TEXT(Results_Table14!W32,"0.000")&" ± "&TEXT(Results_Table14!X32,"0.000") -> 6.896 ± 0.280 | E9: =TEXT(Results_Table14!W33,"0.000")&" ± "&TEXT(Results_Table14!X33,"0.000") -> 0.858 ± 0.008 | F9: =(Results_Table14!W30/Results_Table14!$W$2-1)*100 -> 40.917295
A10: Without modality-specific encoders | B10: =TEXT(Results_Table14!W34,"0.000")&" ± "&TEXT(Results_Table14!X34,"0.000") -> 0.774 ± 0.023 | C10: =TEXT(Results_Table14!W35,"0.000")&" ± "&TEXT(Results_Table14!X35,"0.000") -> 1.024 ± 0.034 | D10: =TEXT(Results_Table14!W36,"0.000")&" ± "&TEXT(Results_Table14!X36,"0.000") -> 6.528 ± 0.313 | E10: =TEXT(Results_Table14!W37,"0.000")&" ± "&TEXT(Results_Table14!X37,"0.000") -> 0.867 ± 0.008 | F10: =(Results_Table14!W34/Results_Table14!$W$2-1)*100 -> 33.639904
A11: Single shared encoder | B11: =TEXT(Results_Table14!W38,"0.000")&" ± "&TEXT(Results_Table14!X38,"0.000") -> 0.746 ± 0.029 | C11: =TEXT(Results_Table14!W39,"0.000")&" ± "&TEXT(Results_Table14!X39,"0.000") -> 0.988 ± 0.036 | D11: =TEXT(Results_Table14!W40,"0.000")&" ± "&TEXT(Results_Table14!X40,"0.000") -> 6.301 ± 0.191 | E11: =TEXT(Results_Table14!W41,"0.000")&" ± "&TEXT(Results_Table14!X41,"0.000") -> 0.872 ± 0.008 | F11: =(Results_Table14!W38/Results_Table14!$W$2-1)*100 -> 28.926483
