Workbook

Sheet Results_Table10
A1: Shift Regime | B1: Metric | C1: Run 1 | D1: Run 2 | E1: Run 3 | F1: Run 4 | G1: Run 5 | H1: Run 6 | I1: Run 7 | J1: Run 8 | K1: Run 9 | L1: Run 10 | M1: Run 11 | N1: Run 12 | O1: Run 13 | P1: Run 14 | Q1: Run 15 | R1: Run 16 | S1: Run 17 | T1: Run 18 | U1: Run 19 | V1: Run 20 | W1: Mean | X1: SD | Y1: CV (%) | Z1: Min | AA1: Max
A2: Q1 | B2: MAE | C2: 0.5391 | D2: 0.5224 | E2: 0.5663 | F2: 0.5302 | G2: 0.5558 | H2: 0.5481 | I2: 0.557 | J2: 0.5722 | K2: 0.5388 | L2: 0.5482 | M2: 0.5393 | N2: 0.5651 | O2: 0.5761 | P2: 0.5593 | Q2: 0.5695 | R2: 0.547 | S2: 0.5188 | T2: 0.5209 | U2: 0.546 | V2: 0.5385 | W2: =AVERAGE(C2:V2) -> 0.54793 | X2: =_xlfn.STDEV.S(C2:V2) -> 0.01721126 | Y2: =IFERROR(X2/ABS(W2)*100,"") -> 3.1411421 | Z2: =MIN(C2:V2) -> 0.5188 | AA2: =MAX(C2:V2) -> 0.5761
A3: Q1 | B3: RMSE | C3: 0.7305 | D3: 0.7166 | E3: 0.7222 | F3: 0.7162 | G3: 0.7315 | H3: 0.7115 | I3: 0.7146 | J3: 0.6837 | K3: 0.713 | L3: 0.7329 | M3: 0.7364 | N3: 0.744 | O3: 0.746 | P3: 0.7677 | Q3: 0.7651 | R3: 0.7194 | S3: 0.7414 | T3: 0.7236 | U3: 0.7137 | V3: 0.7339 | W3: =AVERAGE(C3:V3) -> 0.728195 | X3: =_xlfn.STDEV.S(C3:V3) -> 0.019329728 | Y3: =IFERROR(X3/ABS(W3)*100,"") -> 2.6544714 | Z3: =MIN(C3:V3) -> 0.6837 | AA3: =MAX(C3:V3) -> 0.7677
A4: Q1 | B4: sMAPE (%) | C4: 4.5532 | D4: 4.5896 | E4: 4.6676 | F4: 4.6909 | G4: 4.699 | H4: 4.806 | I4: 4.4037 | J4: 4.7145 | K4: 4.5041 | L4: 4.4739 | M4: 4.6904 | N4: 4.6599 | O4: 4.7855 | P4: 4.7006 | Q4: 4.5099 | R4: 4.6645 | S4: 4.6208 | T4: 4.7489 | U4: 4.4752 | V4: 4.8128 | W4: =AVERAGE(C4:V4) -> 4.63855 | X4: =_xlfn.STDEV.S(C4:V4) -> 0.11841489 | Y4: =IFERROR(X4/ABS(W4)*100,"") -> 2.5528429 | Z4: =MIN(C4:V4) -> 4.4037 | AA4: =MAX(C4:V4) -> 4.8128
A5: Q1 | B5: R2 | C5: 0.9108 | D5: 0.9035 | E5: 0.9044 | F5: 0.9104 | G5: 0.907 | H5: 0.9091 | I5: 0.9111 | J5: 0.8997 | K5: 0.9068 | L5: 0.9078 | M5: 0.901 | N5: 0.9022 | O5: 0.9038 | P5: 0.9116 | Q5: 0.9095 | R5: 0.9028 | S5: 0.9019 | T5: 0.9084 | U5: 0.9053 | V5: 0.9031 | W5: =AVERAGE(C5:V5) -> 0.90601 | X5: =_xlfn.STDEV.S(C5:V5) -> 0.0037063104 | Y5: =IFERROR(X5/ABS(W5)*100,"") -> 0.40908052 | Z5: =MIN(C5:V5) -> 0.8997 | AA5: =MAX(C5:V5) -> 0.9116
A6: Q1 | B6: Shift Score | C6: 0.1727 | D6: 0.1687 | E6: 0.1808 | F6: 0.1863 | G6: 0.1777 | H6: 0.1547 | I6: 0.1671 | J6: 0.1645 | K6: 0.172 | L6: 0.1673 | M6: 0.1741 | N6: 0.1614 | O6: 0.1812 | P6: 0.1903 | Q6: 0.1884 | R6: 0.1707 | S6: 0.1768 | T6: 0.1833 | U6: 0.1715 | V6: 0.1812 | W6: =AVERAGE(C6:V6) -> 0.174535 | X6: =_xlfn.STDEV.S(C6:V6) -> 0.0092948359 | Y6: =IFERROR(X6/ABS(W6)*100,"") -> 5.3254854 | Z6: =MIN(C6:V6) -> 0.1547 | AA6: =MAX(C6:V6) -> 0.1903
A7: Q2 | B7: MAE | C7: 0.615 | D7: 0.6165 | E7: 0.6246 | F7: 0.5886 | G7: 0.6237 | H7: 0.6136 | I7: 0.5984 | J7: 0.6395 | K7: 0.6268 | L7: 0.6339 | M7: 0.627 | N7: 0.6237 | O7: 0.6063 | P7: 0.6012 | Q7: 0.6076 | R7: 0.5986 | S7: 0.6127 | T7: 0.6033 | U7: 0.6325 | V7: 0.6079 | W7: =AVERAGE(C7:V7) -> 0.61507 | X7: =_xlfn.STDEV.S(C7:V7) -> 0.013668177 | Y7: =IFERROR(X7/ABS(W7)*100,"") -> 2.2222148 | Z7: =MIN(C7:V7) -> 0.5886 | AA7: =MAX(C7:V7) -> 0.6395
A8: Q2 | B8: RMSE | C8: 0.8234 | D8: 0.8014 | E8: 0.8562 | F8: 0.822 | G8: 0.8203 | H8: 0.8222 | I8: 0.8132 | J8: 0.8215 | K8: 0.8336 | L8: 0.814 | M8: 0.8172 | N8: 0.8184 | O8: 0.8048 | P8: 0.797 | Q8: 0.8409 | R8: 0.8024 | S8: 0.7986 | T8: 0.8061 | U8: 0.7828 | V8: 0.8269 | W8: =AVERAGE(C8:V8) -> 0.816145 | X8: =_xlfn.STDEV.S(C8:V8) -> 0.016620769 | Y8: =IFERROR(X8/ABS(W8)*100,"") -> 2.0364971 | Z8: =MIN(C8:V8) -> 0.7828 | AA8: =MAX(C8:V8) -> 0.8562
A9: Q2 | B9: sMAPE (%) | C9: 5.1412 | D9: 4.9561 | E9: 5.5283 | F9: 5.4253 | G9: 5.1428 | H9: 5.114 | I9: 5.0549 | J9: 5.0112 | K9: 5.0333 | L9: 4.8449 | M9: 5.5277 | N9: 5.0402 | O9: 5.4919 | P9: 5.0639 | Q9: 5.1202 | R9: 5.2969 | S9: 5.1081 | T9: 5.4559 | U9: 5.0614 | V9: 5.5827 | W9: =AVERAGE(C9:V9) -> 5.200045 | X9: =_xlfn.STDEV.S(C9:V9) -> 0.22180447 | Y9: =IFERROR(X9/ABS(W9)*100,"") -> 4.2654337 | Z9: =MIN(C9:V9) -> 4.8449 | AA9: =MAX(C9:V9) -> 5.5827
A10: Q2 | B10: R2 | C10: 0.9038 | D10: 0.8954 | E10: 0.8967 | F10: 0.8947 | G10: 0.8993 | H10: 0.8899 | I10: 0.8989 | J10: 0.8909 | K10: 0.8974 | L10: 0.8925 | M10: 0.8953 | N10: 0.8977 | O10: 0.8924 | P10: 0.887 | Q10: 0.8991 | R10: 0.8977 | S10: 0.8955 | T10: 0.8975 | U10: 0.9018 | V10: 0.8972 | W10: =AVERAGE(C10:V10) -> 0.896035 | X10: =_xlfn.STDEV.S(C10:V10) -> 0.0040229964 | Y10: =IFERROR(X10/ABS(W10)*100,"") -> 0.4489776 | Z10: =MIN(C10:V10) -> 0.887 | AA10: =MAX(C10:V10) -> 0.9038
A11: Q2 | B11: Shift Score | C11: 0.1931 | D11: 0.1978 | E11: 0.186 | F11: 0.1902 | G11: 0.183 | H11: 0.1968 | I11: 0.1708 | J11: 0.1945 | K11: 0.1885 | L11: 0.1925 | M11: 0.1906 | N11: 0.2223 | O11: 0.1761 | P11: 0.1902 | Q11: 0.1909 | R11: 0.1821 | S11: 0.1774 | T11: 0.1922 | U11: 0.2055 | V11: 0.2006 | W11: =AVERAGE(C11:V11) -> 0.191055 | X11: =_xlfn.STDEV.S(C11:V11) -> 0.011176078 | Y11: =IFERROR(X11/ABS(W11)*100,"") -> 5.8496651 | Z11: =MIN(C11:V11) -> 0.1708 | AA11: =MAX(C11:V11) -> 0.2223
A12: Q3 | B12: MAE | C12: 0.6965 | D12: 0.6996 | E12: 0.6483 | F12: 0.6597 | G12: 0.6664 | H12: 0.6458 | I12: 0.6921 | J12: 0.6358 | K12: 0.6967 | L12: 0.6897 | M12: 0.645 | N12: 0.6738 | O12: 0.6946 | P12: 0.6743 | Q12: 0.6798 | R12: 0.666 | S12: 0.6571 | T12: 0.6931 | U12: 0.6756 | V12: 0.635 | W12: =AVERAGE(C12:V12) -> 0.671245 | X12: =_xlfn.STDEV.S(C12:V12) -> 0.021537641 | Y12: =IFERROR(X12/ABS(W12)*100,"") -> 3.208611 | Z12: =MIN(C12:V12) -> 0.635 | AA12: =MAX(C12:V12) -> 0.6996
A13: Q3 | B13: RMSE | C13: 0.9112 | D13: 0.8862 | E13: 0.8962 | F13: 0.8892 | G13: 0.8569 | H13: 0.8907 | I13: 0.8813 | J13: 0.8918 | K13: 0.862 | L13: 0.8411 | M13: 0.861 | N13: 0.9394 | O13: 0.8688 | P13: 0.9418 | Q13: 0.8419 | R13: 0.9275 | S13: 0.8937 | T13: 0.8852 | U13: 0.9085 | V13: 0.8867 | W13: =AVERAGE(C13:V13) -> 0.888055 | X13: =_xlfn.STDEV.S(C13:V13) -> 0.028378373 | Y13: =IFERROR(X13/ABS(W13)*100,"") -> 3.1955649 | Z13: =MIN(C13:V13) -> 0.8411 | AA13: =MAX(C13:V13) -> 0.9418
... A21: Q4 | B21: Shift Score | C21: 0.2624 | D21: 0.2371 | E21: 0.254 | F21: 0.2588 | G21: 0.2641 | H21: 0.2376 | I21: 0.2423 | J21: 0.2667 | K21: 0.2503 | L21: 0.2627 | M21: 0.2433 | N21: 0.2277 | O21: 0.2519 | P21: 0.2483 | Q21: 0.2543 | R21: 0.2387 | S21: 0.259 | T21: 0.2508 | U21: 0.245 | V21: 0.2272 | W21: =AVERAGE(C21:V21) -> 0.24911 | X21: =_xlfn.STDEV.S(C21:V21) -> 0.01163307 | Y21: =IFERROR(X21/ABS(W21)*100,"") -> 4.6698526 | Z21: =MIN(C21:V21) -> 0.2272 | AA21: =MAX(C21:V21) -> 0.2667

Sheet Table10_Summary
A1: Shift Regime | B1: MAE | C1: RMSE | D1: sMAPE (%) | E1: R2 | F1: Shift Score
A2: Q1 | B2: =TEXT(Results_Table10!W2,"0.000")&" ± "&TEXT(Results_Table10!X2,"0.000") -> 0.548 ± 0.017 | C2: =TEXT(Results_Table10!W3,"0.000")&" ± "&TEXT(Results_Table10!X3,"0.000") -> 0.728 ± 0.019 | D2: =TEXT(Results_Table10!W4,"0.000")&" ± "&TEXT(Results_Table10!X4,"0.000") -> 4.639 ± 0.118 | E2: =TEXT(Results_Table10!W5,"0.000")&" ± "&TEXT(Results_Table10!X5,"0.000") -> 0.906 ± 0.004 | F2: =TEXT(Results_Table10!W6,"0.000")&" ± "&TEXT(Results_Table10!X6,"0.000") -> 0.175 ± 0.009
A3: Q2 | B3: =TEXT(Results_Table10!W7,"0.000")&" ± "&TEXT(Results_Table10!X7,"0.000") -> 0.615 ± 0.014 | C3: =TEXT(Results_Table10!W8,"0.000")&" ± "&TEXT(Results_Table10!X8,"0.000") -> 0.816 ± 0.017 | D3: =TEXT(Results_Table10!W9,"0.000")&" ± "&TEXT(Results_Table10!X9,"0.000") -> 5.200 ± 0.222 | E3: =TEXT(Results_Table10!W10,"0.000")&" ± "&TEXT(Results_Table10!X10,"0.000") -> 0.896 ± 0.004 | F3: =TEXT(Results_Table10!W11,"0.000")&" ± "&TEXT(Results_Table10!X11,"0.000") -> 0.191 ± 0.011
A4: Q3 | B4: =TEXT(Results_Table10!W12,"0.000")&" ± "&TEXT(Results_Table10!X12,"0.000") -> 0.671 ± 0.022 | C4: =TEXT(Results_Table10!W13,"0.000")&" ± "&TEXT(Results_Table10!X13,"0.000") -> 0.888 ± 0.028 | D4: =TEXT(Results_Table10!W14,"0.000")&" ± "&TEXT(Results_Table10!X14,"0.000") -> 5.660 ± 0.171 | E4: =TEXT(Results_Table10!W15,"0.000")&" ± "&TEXT(Results_Table10!X15,"0.000") -> 0.886 ± 0.005 | F4: =TEXT(Results_Table10!W16,"0.000")&" ± "&TEXT(Results_Table10!X16,"0.000") -> 0.219 ± 0.008
A5: Q4 | B5: =TEXT(Results_Table10!W17,"0.000")&" ± "&TEXT(Results_Table10!X17,"0.000") -> 0.756 ± 0.026 | C5: =TEXT(Results_Table10!W18,"0.000")&" ± "&TEXT(Results_Table10!X18,"0.000") -> 0.999 ± 0.025 | D5: =TEXT(Results_Table10!W19,"0.000")&" ± "&TEXT(Results_Table10!X19,"0.000") -> 6.322 ± 0.282 | E5: =TEXT(Results_Table10!W20,"0.000")&" ± "&TEXT(Results_Table10!X20,"0.000") -> 0.872 ± 0.004 | F5: =TEXT(Results_Table10!W21,"0.000")&" ± "&TEXT(Results_Table10!X21,"0.000") -> 0.249 ± 0.012
