Workbook

Sheet Results_Table16
A1: Comparison | B1: Seed | C1: Run A | D1: Run B | E1: Paired Difference D | F1: Mean(D) | G1: SD(D) | H1: Cohen dz
A2: Proposed vs. LSTM | B2: 1 | C2: 0.53741 | D2: 0.52277 | E2: =D2-C2 -> -0.01464 | F2: =AVERAGE($E$2:$E$21) -> 0.016237 | G2: =_xlfn.STDEV.S($E$2:$E$21) -> 0.01799983 | H2: =F2/G2 -> 0.90206407
A3: Proposed vs. LSTM | B3: 2 | C3: 0.56193 | D3: 0.58614 | E3: =D3-C3 -> 0.02421 | F3: =AVERAGE($E$2:$E$21) -> 0.016237 | G3: =_xlfn.STDEV.S($E$2:$E$21) -> 0.01799983 | H3: =F3/G3 -> 0.90206407
A4: Proposed vs. LSTM | B4: 3 | C4: 0.57782 | D4: 0.58025 | E4: =D4-C4 -> 0.00243 | F4: =AVERAGE($E$2:$E$21) -> 0.016237 | G4: =_xlfn.STDEV.S($E$2:$E$21) -> 0.01799983 | H4: =F4/G4 -> 0.90206407
A5: Proposed vs. LSTM | B5: 4 | C5: 0.56331 | D5: 0.60159 | E5: =D5-C5 -> 0.03828 | F5: =AVERAGE($E$2:$E$21) -> 0.016237 | G5: =_xlfn.STDEV.S($E$2:$E$21) -> 0.01799983 | H5: =F5/G5 -> 0.90206407
A6: Proposed vs. LSTM | B6: 5 | C6: 0.57882 | D6: 0.59083 | E6: =D6-C6 -> 0.01201 | F6: =AVERAGE($E$2:$E$21) -> 0.016237 | G6: =_xlfn.STDEV.S($E$2:$E$21) -> 0.01799983 | H6: =F6/G6 -> 0.90206407
A7: Proposed vs. LSTM | B7: 6 | C7: 0.5508 | D7: 0.58232 | E7: =D7-C7 -> 0.03152 | F7: =AVERAGE($E$2:$E$21) -> 0.016237 | G7: =_xlfn.STDEV.S($E$2:$E$21) -> 0.01799983 | H7: =F7/G7 -> 0.90206407
A8: Proposed vs. LSTM | B8: 7 | C8: 0.5488 | D8: 0.54448 | E8: =D8-C8 -> -0.00432 | F8: =AVERAGE($E$2:$E$21) -> 0.016237 | G8: =_xlfn.STDEV.S($E$2:$E$21) -> 0.01799983 | H8: =F8/G8 -> 0.90206407
A9: Proposed vs. LSTM | B9: 8 | C9: 0.55368 | D9: 0.57281 | E9: =D9-C9 -> 0.01913 | F9: =AVERAGE($E$2:$E$21) -> 0.016237 | G9: =_xlfn.STDEV.S($E$2:$E$21) -> 0.01799983 | H9: =F9/G9 -> 0.90206407
A10: Proposed vs. LSTM | B10: 9 | C10: 0.56593 | D10: 0.61041 | E10: =D10-C10 -> 0.04448 | F10: =AVERAGE($E$2:$E$21) -> 0.016237 | G10: =_xlfn.STDEV.S($E$2:$E$21) -> 0.01799983 | H10: =F10/G10 -> 0.90206407
A11: Proposed vs. LSTM | B11: 10 | C11: 0.57269 | D11: 0.57944 | E11: =D11-C11 -> 0.00675 | F11: =AVERAGE($E$2:$E$21) -> 0.016237 | G11: =_xlfn.STDEV.S($E$2:$E$21) -> 0.01799983 | H11: =F11/G11 -> 0.90206407
A12: Proposed vs. LSTM | B12: 11 | C12: 0.56744 | D12: 0.59483 | E12: =D12-C12 -> 0.02739 | F12: =AVERAGE($E$2:$E$21) -> 0.016237 | G12: =_xlfn.STDEV.S($E$2:$E$21) -> 0.01799983 | H12: =F12/G12 -> 0.90206407
A13: Proposed vs. LSTM | B13: 12 | C13: 0.54341 | D13: 0.53478 | E13: =D13-C13 -> -0.00863 | F13: =AVERAGE($E$2:$E$21) -> 0.016237 | G13: =_xlfn.STDEV.S($E$2:$E$21) -> 0.01799983 | H13: =F13/G13 -> 0.90206407
... A21: Proposed vs. LSTM | B21: 20 | C21: 0.55931 | D21: 0.57694 | E21: =D21-C21 -> 0.01763 | F21: =AVERAGE($E$2:$E$21) -> 0.016237 | G21: =_xlfn.STDEV.S($E$2:$E$21) -> 0.01799983 | H21: =F21/G21 -> 0.90206407
A22: Proposed vs. Transformer | B22: 1 | C22: 0.59269 | D22: 0.57475 | E22: =D22-C22 -> -0.01794 | F22: =AVERAGE($E$22:$E$41) -> 0.018942 | G22: =_xlfn.STDEV.S($E$2:$E$21) -> 0.01799983 | H22: =F22/G22 -> 1.0523433
A23: Proposed vs. Transformer | B23: 2 | C23: 0.58744 | D23: 0.61589 | E23: =D23-C23 -> 0.02845 | F23: =AVERAGE($E$22:$E$41) -> 0.018942 | G23: =_xlfn.STDEV.S($E$2:$E$21) -> 0.01799983 | H23: =F23/G23 -> 1.0523433
A24: Proposed vs. Transformer | B24: 3 | C24: 0.55741 | D24: 0.55987 | E24: =D24-C24 -> 0.00246 | F24: =AVERAGE($E$22:$E$41) -> 0.018942 | G24: =_xlfn.STDEV.S($E$2:$E$21) -> 0.01799983 | H24: =F24/G24 -> 1.0523433
A25: Proposed vs. Transformer | B25: 4 | C25: 0.57518 | D25: 0.62045 | E25: =D25-C25 -> 0.04527 | F25: =AVERAGE($E$22:$E$41) -> 0.018942 | G25: =_xlfn.STDEV.S($E$2:$E$21) -> 0.01799983 | H25: =F25/G25 -> 1.0523433
A26: Proposed vs. Transformer | B26: 5 | C26: 0.56342 | D26: 0.5773 | E26: =D26-C26 -> 0.01388 | F26: =AVERAGE($E$22:$E$41) -> 0.018942 | G26: =_xlfn.STDEV.S($E$2:$E$21) -> 0.01799983 | H26: =F26/G26 -> 1.0523433
A27: Proposed vs. Transformer | B27: 6 | C27: 0.58481 | D27: 0.62201 | E27: =D27-C27 -> 0.0372 | F27: =AVERAGE($E$22:$E$41) -> 0.018942 | G27: =_xlfn.STDEV.S($E$2:$E$21) -> 0.01799983 | H27: =F27/G27 -> 1.0523433
A28: Proposed vs. Transformer | B28: 7 | C28: 0.58819 | D28: 0.58258 | E28: =D28-C28 -> -0.00561 | F28: =AVERAGE($E$22:$E$41) -> 0.018942 | G28: =_xlfn.STDEV.S($E$2:$E$21) -> 0.01799983 | H28: =F28/G28 -> 1.0523433
A29: Proposed vs. Transformer | B29: 8 | C29: 0.59182 | D29: 0.61422 | E29: =D29-C29 -> 0.0224 | F29: =AVERAGE($E$22:$E$41) -> 0.018942 | G29: =_xlfn.STDEV.S($E$2:$E$21) -> 0.01799983 | H29: =F29/G29 -> 1.0523433
A30: Proposed vs. Transformer | B30: 9 | C30: 0.57693 | D30: 0.6296 | E30: =D30-C30 -> 0.05267 | F30: =AVERAGE($E$22:$E$41) -> 0.018942 | G30: =_xlfn.STDEV.S($E$2:$E$21) -> 0.01799983 | H30: =F30/G30 -> 1.0523433
A31: Proposed vs. Transformer | B31: 10 | C31: 0.56429 | D31: 0.5719 | E31: =D31-C31 -> 0.00761 | F31: =AVERAGE($E$22:$E$41) -> 0.018942 | G31: =_xlfn.STDEV.S($E$2:$E$21) -> 0.01799983 | H31: =F31/G31 -> 1.0523433
A32: Proposed vs. Transformer | B32: 11 | C32: 0.57931 | D32: 0.61157 | E32: =D32-C32 -> 0.03226 | F32: =AVERAGE($E$22:$E$41) -> 0.018942 | G32: =_xlfn.STDEV.S($E$2:$E$21) -> 0.01799983 | H32: =F32/G32 -> 1.0523433
A33: Proposed vs. Transformer | B33: 12 | C33: 0.55541 | D33: 0.54464 | E33: =D33-C33 -> -0.01077 | F33: =AVERAGE($E$22:$E$41) -> 0.018942 | G33: =_xlfn.STDEV.S($E$2:$E$21) -> 0.01799983 | H33: =F33/G33 -> 1.0523433
... A41: Proposed vs. Transformer | B41: 20 | C41: 0.58393 | D41: 0.60455 | E41: =D41-C41 -> 0.02062 | F41: =AVERAGE($E$22:$E$41) -> 0.018942 | G41: =_xlfn.STDEV.S($E$2:$E$21) -> 0.01799983 | H41: =F41/G41 -> 1.0523433
A42: Proposed vs. Graph WaveNet | B42: 1 | C42: 0.58429 | D42: 0.56553 | E42: =D42-C42 -> -0.01876 | F42: =AVERAGE($E$42:$E$61) -> 0.024126 | G42: =_xlfn.STDEV.S($E$2:$E$21) -> 0.01799983 | H42: =F42/G42 -> 1.340346
A43: Proposed vs. Graph WaveNet | B43: 2 | C43: 0.59331 | D43: 0.6285 | E43: =D43-C43 -> 0.03519 | F43: =AVERAGE($E$42:$E$61) -> 0.024126 | G43: =_xlfn.STDEV.S($E$2:$E$21) -> 0.01799983 | H43: =F43/G43 -> 1.340346
A44: Proposed vs. Graph WaveNet | B44: 3 | C44: 0.57541 | D44: 0.58037 | E44: =D44-C44 -> 0.00496 | F44: =AVERAGE($E$42:$E$61) -> 0.024126 | G44: =_xlfn.STDEV.S($E$2:$E$21) -> 0.01799983 | H44: =F44/G44 -> 1.340346
A45: Proposed vs. Graph WaveNet | B45: 4 | C45: 0.59993 | D45: 0.65467 | E45: =D45-C45 -> 0.05474 | F45: =AVERAGE($E$42:$E$61) -> 0.024126 | G45: =_xlfn.STDEV.S($E$2:$E$21) -> 0.01799983 | H45: =F45/G45 -> 1.340346
A46: Proposed vs. Graph WaveNet | B46: 5 | C46: 0.60982 | D46: 0.62807 | E46: =D46-C46 -> 0.01825 | F46: =AVERAGE($E$42:$E$61) -> 0.024126 | G46: =_xlfn.STDEV.S($E$2:$E$21) -> 0.01799983 | H46: =F46/G46 -> 1.340346
A47: Proposed vs. Graph WaveNet | B47: 6 | C47: 0.60131 | D47: 0.64667 | E47: =D47-C47 -> 0.04536 | F47: =AVERAGE($E$42:$E$61) -> 0.024126 | G47: =_xlfn.STDEV.S($E$2:$E$21) -> 0.01799983 | H47: =F47/G47 -> 1.340346
A48: Proposed vs. Graph WaveNet | B48: 7 | C48: 0.61682 | D48: 0.61239 | E48: =D48-C48 -> -0.00443 | F48: =AVERAGE($E$42:$E$61) -> 0.024126 | G48: =_xlfn.STDEV.S($E$2:$E$21) -> 0.01799983 | H48: =F48/G48 -> 1.340346
A49: Proposed vs. Graph WaveNet | B49: 8 | C49: 0.5828 | D49: 0.61095 | E49: =D49-C49 -> 0.02815 | F49: =AVERAGE($E$42:$E$61) -> 0.024126 | G49: =_xlfn.STDEV.S($E$2:$E$21) -> 0.01799983 | H49: =F49/G49 -> 1.340346
A50: Proposed vs. Graph WaveNet | B50: 9 | C50: 0.5868 | D50: 0.65014 | E50: =D50-C50 -> 0.06334 | F50: =AVERAGE($E$42:$E$61) -> 0.024126 | G50: =_xlfn.STDEV.S($E$2:$E$21) -> 0.01799983 | H50: =F50/G50 -> 1.340346
A51: Proposed vs. Graph WaveNet | B51: 10 | C51: 0.59168 | D51: 0.60262 | E51: =D51-C51 -> 0.01094 | F51: =AVERAGE($E$42:$E$61) -> 0.024126 | G51: =_xlfn.STDEV.S($E$2:$E$21) -> 0.01799983 | H51: =F51/G51 -> 1.340346
A52: Proposed vs. Graph WaveNet | B52: 11 | C52: 0.59793 | D52: 0.63756 | E52: =D52-C52 -> 0.03963 | F52: =AVERAGE($E$42:$E$61) -> 0.024126 | G52: =_xlfn.STDEV.S($E$2:$E$21) -> 0.01799983 | H52: =F52/G52 -> 1.340346
A53: Proposed vs. Graph WaveNet | B53: 12 | C53: 0.61069 | D53: 0.60027 | E53: =D53-C53 -> -0.01042 | F53: =AVERAGE($E$42:$E$61) -> 0.024126 | G53: =_xlfn.STDEV.S($E$2:$E$21) -> 0.01799983 | H53: =F53/G53 -> 1.340346
... A61: Proposed vs. Graph WaveNet | B61: 20 | C61: 0.59493 | D61: 0.621 | E61: =D61-C61 -> 0.02607 | F61: =AVERAGE($E$42:$E$61) -> 0.024126 | G61: =_xlfn.STDEV.S($E$2:$E$21) -> 0.01799983 | H61: =F61/G61 -> 1.340346
A62: Proposed vs. Persistence | B62: 1 | C62: 0.60568 | D62: 0.58768 | E62: =D62-C62 -> -0.018 | F62: =AVERAGE($E$62:$E$81) -> 0.0308945 | G62: =_xlfn.STDEV.S($E$2:$E$21) -> 0.01799983 | H62: =F62/G62 -> 1.7163773
A63: Proposed vs. Persistence | B63: 2 | C63: 0.61793 | D63: 0.66144 | E63: =D63-C63 -> 0.04351 | F63: =AVERAGE($E$62:$E$81) -> 0.0308945 | G63: =_xlfn.STDEV.S($E$2:$E$21) -> 0.01799983 | H63: =F63/G63 -> 1.7163773
A64: Proposed vs. Persistence | B64: 3 | C64: 0.63069 | D64: 0.63973 | E64: =D64-C64 -> 0.00904 | F64: =AVERAGE($E$62:$E$81) -> 0.0308945 | G64: =_xlfn.STDEV.S($E$2:$E$21) -> 0.01799983 | H64: =F64/G64 -> 1.7163773
A65: Proposed vs. Persistence | B65: 4 | C65: 0.61944 | D65: 0.68523 | E65: =D65-C65 -> 0.06579 | F65: =AVERAGE($E$62:$E$81) -> 0.0308945 | G65: =_xlfn.STDEV.S($E$2:$E$21) -> 0.01799983 | H65: =F65/G65 -> 1.7163773
A66: Proposed vs. Persistence | B66: 5 | C66: 0.59541 | D66: 0.61961 | E66: =D66-C66 -> 0.0242 | F66: =AVERAGE($E$62:$E$81) -> 0.0308945 | G66: =_xlfn.STDEV.S($E$2:$E$21) -> 0.01799983 | H66: =F66/G66 -> 1.7163773
A67: Proposed vs. Persistence | B67: 6 | C67: 0.61318 | D67: 0.66827 | E67: =D67-C67 -> 0.05509 | F67: =AVERAGE($E$62:$E$81) -> 0.0308945 | G67: =_xlfn.STDEV.S($E$2:$E$21) -> 0.01799983 | H67: =F67/G67 -> 1.7163773
A68: Proposed vs. Persistence | B68: 7 | C68: 0.59542 | D68: 0.59376 | E68: =D68-C68 -> -0.00166 | F68: =AVERAGE($E$62:$E$81) -> 0.0308945 | G68: =_xlfn.STDEV.S($E$2:$E$21) -> 0.01799983 | H68: =F68/G68 -> 1.7163773
A69: Proposed vs. Persistence | B69: 8 | C69: 0.62281 | D69: 0.6583 | E69: =D69-C69 -> 0.03549 | F69: =AVERAGE($E$62:$E$81) -> 0.0308945 | G69: =_xlfn.STDEV.S($E$2:$E$21) -> 0.01799983 | H69: =F69/G69 -> 1.7163773
A70: Proposed vs. Persistence | B70: 9 | C70: 0.62619 | D70: 0.70179 | E70: =D70-C70 -> 0.0756 | F70: =AVERAGE($E$62:$E$81) -> 0.0308945 | G70: =_xlfn.STDEV.S($E$2:$E$21) -> 0.01799983 | H70: =F70/G70 -> 1.7163773
A71: Proposed vs. Persistence | B71: 10 | C71: 0.62382 | D71: 0.63969 | E71: =D71-C71 -> 0.01587 | F71: =AVERAGE($E$62:$E$81) -> 0.0308945 | G71: =_xlfn.STDEV.S($E$2:$E$21) -> 0.01799983 | H71: =F71/G71 -> 1.7163773
A72: Proposed vs. Persistence | B72: 11 | C72: 0.61493 | D72: 0.66349 | E72: =D72-C72 -> 0.04856 | F72: =AVERAGE($E$62:$E$81) -> 0.0308945 | G72: =_xlfn.STDEV.S($E$2:$E$21) -> 0.01799983 | H72: =F72/G72 -> 1.7163773
A73: Proposed vs. Persistence | B73: 12 | C73: 0.60229 | D73: 0.5938 | E73: =D73-C73 -> -0.00849 | F73: =AVERAGE($E$62:$E$81) -> 0.0308945 | G73: =_xlfn.STDEV.S($E$2:$E$21) -> 0.01799983 | H73: =F73/G73 -> 1.7163773
... A81: Proposed vs. Persistence | B81: 20 | C81: 0.6048 | D81: 0.63791 | E81: =D81-C81 -> 0.03311 | F81: =AVERAGE($E$62:$E$81) -> 0.0308945 | G81: =_xlfn.STDEV.S($E$2:$E$21) -> 0.01799983 | H81: =F81/G81 -> 1.7163773
A82: Proposed vs. STGCN | B82: 1 | C82: 0.64382 | D82: 0.61333 | E82: =D82-C82 -> -0.03049 | F82: =AVERAGE($E$82:$E$101) -> 0.024416 | G82: =_xlfn.STDEV.S($E$2:$E$21) -> 0.01799983 | H82: =F82/G82 -> 1.3564572
A83: Proposed vs. STGCN | B83: 2 | C83: 0.63493 | D83: 0.67351 | E83: =D83-C83 -> 0.03858 | F83: =AVERAGE($E$82:$E$101) -> 0.024416 | G83: =_xlfn.STDEV.S($E$2:$E$21) -> 0.01799983 | H83: =F83/G83 -> 1.3564572
A84: Proposed vs. STGCN | B84: 3 | C84: 0.61629 | D84: 0.61617 | E84: =D84-C84 -> -0.00012 | F84: =AVERAGE($E$82:$E$101) -> 0.024416 | G84: =_xlfn.STDEV.S($E$2:$E$21) -> 0.01799983 | H84: =F84/G84 -> 1.3564572
A85: Proposed vs. STGCN | B85: 4 | C85: 0.63131 | D85: 0.69491 | E85: =D85-C85 -> 0.0636 | F85: =AVERAGE($E$82:$E$101) -> 0.024416 | G85: =_xlfn.STDEV.S($E$2:$E$21) -> 0.01799983 | H85: =F85/G85 -> 1.3564572
A86: Proposed vs. STGCN | B86: 5 | C86: 0.61341 | D86: 0.63031 | E86: =D86-C86 -> 0.0169 | F86: =AVERAGE($E$82:$E$101) -> 0.024416 | G86: =_xlfn.STDEV.S($E$2:$E$21) -> 0.01799983 | H86: =F86/G86 -> 1.3564572
A87: Proposed vs. STGCN | B87: 6 | C87: 0.63193 | D87: 0.68352 | E87: =D87-C87 -> 0.05159 | F87: =AVERAGE($E$82:$E$101) -> 0.024416 | G87: =_xlfn.STDEV.S($E$2:$E$21) -> 0.01799983 | H87: =F87/G87 -> 1.3564572
A88: Proposed vs. STGCN | B88: 7 | C88: 0.64782 | D88: 0.63569 | E88: =D88-C88 -> -0.01213 | F88: =AVERAGE($E$82:$E$101) -> 0.024416 | G88: =_xlfn.STDEV.S($E$2:$E$21) -> 0.01799983 | H88: =F88/G88 -> 1.3564572
A89: Proposed vs. STGCN | B89: 8 | C89: 0.63931 | D89: 0.66888 | E89: =D89-C89 -> 0.02957 | F89: =AVERAGE($E$82:$E$101) -> 0.024416 | G89: =_xlfn.STDEV.S($E$2:$E$21) -> 0.01799983 | H89: =F89/G89 -> 1.3564572
A90: Proposed vs. STGCN | B90: 9 | C90: 0.64882 | D90: 0.72343 | E90: =D90-C90 -> 0.07461 | F90: =AVERAGE($E$82:$E$101) -> 0.024416 | G90: =_xlfn.STDEV.S($E$2:$E$21) -> 0.01799983 | H90: =F90/G90 -> 1.3564572
A91: Proposed vs. STGCN | B91: 10 | C91: 0.6208 | D91: 0.62835 | E91: =D91-C91 -> 0.00755 | F91: =AVERAGE($E$82:$E$101) -> 0.024416 | G91: =_xlfn.STDEV.S($E$2:$E$21) -> 0.01799983 | H91: =F91/G91 -> 1.3564572
A92: Proposed vs. STGCN | B92: 11 | C92: 0.6248 | D92: 0.66905 | E92: =D92-C92 -> 0.04425 | F92: =AVERAGE($E$82:$E$101) -> 0.024416 | G92: =_xlfn.STDEV.S($E$2:$E$21) -> 0.01799983 | H92: =F92/G92 -> 1.3564572
A93: Proposed vs. STGCN | B93: 12 | C93: 0.62368 | D93: 0.60387 | E93: =D93-C93 -> -0.01981 | F93: =AVERAGE($E$82:$E$101) -> 0.024416 | G93: =_xlfn.STDEV.S($E$2:$E$21) -> 0.01799983 | H93: =F93/G93 -> 1.3564572
... A101: Proposed vs. STGCN | B101: 20 | C101: 0.64419 | D101: 0.67109 | E101: =D101-C101 -> 0.0269 | F101: =AVERAGE($E$82:$E$101) -> 0.024416 | G101: =_xlfn.STDEV.S($E$2:$E$21) -> 0.01799983 | H101: =F101/G101 -> 1.3564572
A102: 24 h adaptation vs. zero-shot | B102: 1 | C102: 0.6408 | D102: 0.60563 | E102: =D102-C102 -> -0.03517 | F102: =AVERAGE($E$102:$E$121) -> 0.025738 | G102: =_xlfn.STDEV.S($E$2:$E$21) -> 0.01799983 | H102: =F102/G102 -> 1.4299024
A103: 24 h adaptation vs. zero-shot | B103: 2 | C103: 0.6388 | D103: 0.68025 | E103: =D103-C103 -> 0.04145 | F103: =AVERAGE($E$102:$E$121) -> 0.025738 | G103: =_xlfn.STDEV.S($E$2:$E$21) -> 0.01799983 | H103: =F103/G103 -> 1.4299024
A104: 24 h adaptation vs. zero-shot | B104: 3 | C104: 0.64368 | D104: 0.64219 | E104: =D104-C104 -> -0.00149 | F104: =AVERAGE($E$102:$E$121) -> 0.025738 | G104: =_xlfn.STDEV.S($E$2:$E$21) -> 0.01799983 | H104: =F104/G104 -> 1.4299024
A105: 24 h adaptation vs. zero-shot | B105: 4 | C105: 0.65593 | D105: 0.72514 | E105: =D105-C105 -> 0.06921 | F105: =AVERAGE($E$102:$E$121) -> 0.025738 | G105: =_xlfn.STDEV.S($E$2:$E$21) -> 0.01799983 | H105: =F105/G105 -> 1.4299024
A106: 24 h adaptation vs. zero-shot | B106: 5 | C106: 0.66269 | D106: 0.68009 | E106: =D106-C106 -> 0.0174 | F106: =AVERAGE($E$102:$E$121) -> 0.025738 | G106: =_xlfn.STDEV.S($E$2:$E$21) -> 0.01799983 | H106: =F106/G106 -> 1.4299024
A107: 24 h adaptation vs. zero-shot | B107: 6 | C107: 0.65744 | D107: 0.71332 | E107: =D107-C107 -> 0.05588 | F107: =AVERAGE($E$102:$E$121) -> 0.025738 | G107: =_xlfn.STDEV.S($E$2:$E$21) -> 0.01799983 | H107: =F107/G107 -> 1.4299024
A108: 24 h adaptation vs. zero-shot | B108: 7 | C108: 0.63341 | D108: 0.61861 | E108: =D108-C108 -> -0.0148 | F108: =AVERAGE($E$102:$E$121) -> 0.025738 | G108: =_xlfn.STDEV.S($E$2:$E$21) -> 0.01799983 | H108: =F108/G108 -> 1.4299024
A109: 24 h adaptation vs. zero-shot | B109: 8 | C109: 0.64518 | D109: 0.67663 | E109: =D109-C109 -> 0.03145 | F109: =AVERAGE($E$102:$E$121) -> 0.025738 | G109: =_xlfn.STDEV.S($E$2:$E$21) -> 0.01799983 | H109: =F109/G109 -> 1.4299024
A110: 24 h adaptation vs. zero-shot | B110: 9 | C110: 0.63342 | D110: 0.71484 | E110: =D110-C110 -> 0.08142 | F110: =AVERAGE($E$102:$E$121) -> 0.025738 | G110: =_xlfn.STDEV.S($E$2:$E$21) -> 0.01799983 | H110: =F110/G110 -> 1.4299024
A111: 24 h adaptation vs. zero-shot | B111: 10 | C111: 0.66081 | D111: 0.66784 | E111: =D111-C111 -> 0.00703 | F111: =AVERAGE($E$102:$E$121) -> 0.025738 | G111: =_xlfn.STDEV.S($E$2:$E$21) -> 0.01799983 | H111: =F111/G111 -> 1.4299024
A112: 24 h adaptation vs. zero-shot | B112: 11 | C112: 0.65819 | D112: 0.70593 | E112: =D112-C112 -> 0.04774 | F112: =AVERAGE($E$102:$E$121) -> 0.025738 | G112: =_xlfn.STDEV.S($E$2:$E$21) -> 0.01799983 | H112: =F112/G112 -> 1.4299024
A113: 24 h adaptation vs. zero-shot | B113: 12 | C113: 0.66182 | D113: 0.63849 | E113: =D113-C113 -> -0.02333 | F113: =AVERAGE($E$102:$E$121) -> 0.025738 | G113: =_xlfn.STDEV.S($E$2:$E$21) -> 0.01799983 | H113: =F113/G113 -> 1.4299024
... A121: 24 h adaptation vs. zero-shot | B121: 20 | C121: 0.66682 | D121: 0.69532 | E121: =D121-C121 -> 0.0285 | F121: =AVERAGE($E$102:$E$121) -> 0.025738 | G121: =_xlfn.STDEV.S($E$2:$E$21) -> 0.01799983 | H121: =F121/G121 -> 1.4299024
A122: 72 h adaptation vs. zero-shot | B122: 1 | C122: 0.67481 | D122: 0.63848 | E122: =D122-C122 -> -0.03633 | F122: =AVERAGE($E$122:$E$141) -> 0.0305765 | G122: =_xlfn.STDEV.S($E$2:$E$21) -> 0.01799983 | H122: =F122/G122 -> 1.6987105
A123: 72 h adaptation vs. zero-shot | B123: 2 | C123: 0.67819 | D123: 0.72603 | E123: =D123-C123 -> 0.04784 | F123: =AVERAGE($E$122:$E$141) -> 0.0305765 | G123: =_xlfn.STDEV.S($E$2:$E$21) -> 0.01799983 | H123: =F123/G123 -> 1.6987105
A124: 72 h adaptation vs. zero-shot | B124: 3 | C124: 0.68182 | D124: 0.68249 | E124: =D124-C124 -> 0.00067 | F124: =AVERAGE($E$122:$E$141) -> 0.0305765 | G124: =_xlfn.STDEV.S($E$2:$E$21) -> 0.01799983 | H124: =F124/G124 -> 1.6987105
A125: 72 h adaptation vs. zero-shot | B125: 4 | C125: 0.66693 | D125: 0.74526 | E125: =D125-C125 -> 0.07833 | F125: =AVERAGE($E$122:$E$141) -> 0.0305765 | G125: =_xlfn.STDEV.S($E$2:$E$21) -> 0.01799983 | H125: =F125/G125 -> 1.6987105
A126: 72 h adaptation vs. zero-shot | B126: 5 | C126: 0.65429 | D126: 0.6757 | E126: =D126-C126 -> 0.02141 | F126: =AVERAGE($E$122:$E$141) -> 0.0305765 | G126: =_xlfn.STDEV.S($E$2:$E$21) -> 0.01799983 | H126: =F126/G126 -> 1.6987105
A127: 72 h adaptation vs. zero-shot | B127: 6 | C127: 0.66931 | D127: 0.733 | E127: =D127-C127 -> 0.06369 | F127: =AVERAGE($E$122:$E$141) -> 0.0305765 | G127: =_xlfn.STDEV.S($E$2:$E$21) -> 0.01799983 | H127: =F127/G127 -> 1.6987105
A128: 72 h adaptation vs. zero-shot | B128: 7 | C128: 0.64541 | D128: 0.63145 | E128: =D128-C128 -> -0.01396 | F128: =AVERAGE($E$122:$E$141) -> 0.0305765 | G128: =_xlfn.STDEV.S($E$2:$E$21) -> 0.01799983 | H128: =F128/G128 -> 1.6987105
A129: 72 h adaptation vs. zero-shot | B129: 8 | C129: 0.66993 | D129: 0.70679 | E129: =D129-C129 -> 0.03686 | F129: =AVERAGE($E$122:$E$141) -> 0.0305765 | G129: =_xlfn.STDEV.S($E$2:$E$21) -> 0.01799983 | H129: =F129/G129 -> 1.6987105
A130: 72 h adaptation vs. zero-shot | B130: 9 | C130: 0.68582 | D130: 0.77757 | E130: =D130-C130 -> 0.09175 | F130: =AVERAGE($E$122:$E$141) -> 0.0305765 | G130: =_xlfn.STDEV.S($E$2:$E$21) -> 0.01799983 | H130: =F130/G130 -> 1.6987105
A131: 72 h adaptation vs. zero-shot | B131: 10 | C131: 0.67131 | D131: 0.68133 | E131: =D131-C131 -> 0.01002 | F131: =AVERAGE($E$122:$E$141) -> 0.0305765 | G131: =_xlfn.STDEV.S($E$2:$E$21) -> 0.01799983 | H131: =F131/G131 -> 1.6987105
A132: 72 h adaptation vs. zero-shot | B132: 11 | C132: 0.68682 | D132: 0.74157 | E132: =D132-C132 -> 0.05475 | F132: =AVERAGE($E$122:$E$141) -> 0.0305765 | G132: =_xlfn.STDEV.S($E$2:$E$21) -> 0.01799983 | H132: =F132/G132 -> 1.6987105
A133: 72 h adaptation vs. zero-shot | B133: 12 | C133: 0.6588 | D133: 0.63548 | E133: =D133-C133 -> -0.02332 | F133: =AVERAGE($E$122:$E$141) -> 0.0305765 | G133: =_xlfn.STDEV.S($E$2:$E$21) -> 0.01799983 | H133: =F133/G133 -> 1.6987105
... A141: 72 h adaptation vs. zero-shot | B141: 20 | C141: 0.65142 | D141: 0.68502 | E141: =D141-C141 -> 0.0336 | F141: =AVERAGE($E$122:$E$141) -> 0.0305765 | G141: =_xlfn.STDEV.S($E$2:$E$21) -> 0.01799983 | H141: =F141/G141 -> 1.6987105
A142: 7 d adaptation vs. zero-shot | B142: 1 | C142: 0.69131 | D142: 0.64947 | E142: =D142-C142 -> -0.04184 | F142: =AVERAGE($E$142:$E$161) -> 0.0310685 | G142: =_xlfn.STDEV.S($E$2:$E$21) -> 0.01799983 | H142: =F142/G142 -> 1.7260441
A143: 7 d adaptation vs. zero-shot | B143: 2 | C143: 0.70682 | D143: 0.7567 | E143: =D143-C143 -> 0.04988 | F143: =AVERAGE($E$142:$E$161) -> 0.0310685 | G143: =_xlfn.STDEV.S($E$2:$E$21) -> 0.01799983 | H143: =F143/G143 -> 1.7260441
A144: 7 d adaptation vs. zero-shot | B144: 3 | C144: 0.6728 | D144: 0.67127 | E144: =D144-C144 -> -0.00153 | F144: =AVERAGE($E$142:$E$161) -> 0.0310685 | G144: =_xlfn.STDEV.S($E$2:$E$21) -> 0.01799983 | H144: =F144/G144 -> 1.7260441
A145: 7 d adaptation vs. zero-shot | B145: 4 | C145: 0.6768 | D145: 0.75991 | E145: =D145-C145 -> 0.08311 | F145: =AVERAGE($E$142:$E$161) -> 0.0310685 | G145: =_xlfn.STDEV.S($E$2:$E$21) -> 0.01799983 | H145: =F145/G145 -> 1.7260441
A146: 7 d adaptation vs. zero-shot | B146: 5 | C146: 0.68168 | D146: 0.70275 | E146: =D146-C146 -> 0.02107 | F146: =AVERAGE($E$142:$E$161) -> 0.0310685 | G146: =_xlfn.STDEV.S($E$2:$E$21) -> 0.01799983 | H146: =F146/G146 -> 1.7260441
A147: 7 d adaptation vs. zero-shot | B147: 6 | C147: 0.68793 | D147: 0.75509 | E147: =D147-C147 -> 0.06716 | F147: =AVERAGE($E$142:$E$161) -> 0.0310685 | G147: =_xlfn.STDEV.S($E$2:$E$21) -> 0.01799983 | H147: =F147/G147 -> 1.7260441
A148: 7 d adaptation vs. zero-shot | B148: 7 | C148: 0.70069 | D148: 0.68322 | E148: =D148-C148 -> -0.01747 | F148: =AVERAGE($E$142:$E$161) -> 0.0310685 | G148: =_xlfn.STDEV.S($E$2:$E$21) -> 0.01799983 | H148: =F148/G148 -> 1.7260441
A149: 7 d adaptation vs. zero-shot | B149: 8 | C149: 0.69544 | D149: 0.73335 | E149: =D149-C149 -> 0.03791 | F149: =AVERAGE($E$142:$E$161) -> 0.0310685 | G149: =_xlfn.STDEV.S($E$2:$E$21) -> 0.01799983 | H149: =F149/G149 -> 1.7260441
...

Sheet Table16_Summary
A1: Comparison | B1: Target dz (Table 16) | C1: Mean(D) | D1: SD(D) | E1: Calculated dz
A2: Proposed vs. LSTM | B2: 0.902 | C2: =AVERAGE(Results_Table16!E2:E21) -> 0.016237 | D2: =_xlfn.STDEV.S(Results_Table16!E2:E21) -> 0.01799983 | E2: =C2/D2 -> 0.90206407
A3: Proposed vs. Transformer | B3: 0.881 | C3: =AVERAGE(Results_Table16!E22:E41) -> 0.018942 | D3: =_xlfn.STDEV.S(Results_Table16!E3:E22) -> 0.018310218 | E3: =C3/D3 -> 1.0345043
A4: Proposed vs. Graph WaveNet | B4: 0.965 | C4: =AVERAGE(Results_Table16!E42:E61) -> 0.024126 | D4: =_xlfn.STDEV.S(Results_Table16!E4:E23) -> 0.018433531 | E4: =C4/D4 -> 1.3088105
A5: Proposed vs. Persistence | B5: 1.084 | C5: =AVERAGE(Results_Table16!E62:E81) -> 0.0308945 | D5: =_xlfn.STDEV.S(Results_Table16!E5:E24) -> 0.018432346 | E5: =C5/D5 -> 1.6761024
A6: Proposed vs. STGCN | B6: 0.763 | C6: =AVERAGE(Results_Table16!E82:E101) -> 0.024416 | D6: =_xlfn.STDEV.S(Results_Table16!E6:E25) -> 0.018930866 | E6: =C6/D6 -> 1.2897455
A7: 24 h adaptation vs. zero-shot | B7: 0.725 | C7: =AVERAGE(Results_Table16!E102:E121) -> 0.025738 | D7: =_xlfn.STDEV.S(Results_Table16!E7:E26) -> 0.018911429 | E7: =C7/D7 -> 1.3609759
A8: 72 h adaptation vs. zero-shot | B8: 0.784 | C8: =AVERAGE(Results_Table16!E122:E141) -> 0.0305765 | D8: =_xlfn.STDEV.S(Results_Table16!E8:E27) -> 0.019185907 | E8: =C8/D8 -> 1.5936958
A9: 7 d adaptation vs. zero-shot | B9: 0.731 | C9: =AVERAGE(Results_Table16!E142:E161) -> 0.0310685 | D9: =_xlfn.STDEV.S(Results_Table16!E9:E28) -> 0.01926341 | E9: =C9/D9 -> 1.6128245
A10: Continual vs. zero-shot | B10: 0.645 | C10: =AVERAGE(Results_Table16!E162:E181) -> 0.0296705 | D10: =_xlfn.STDEV.S(Results_Table16!E10:E29) -> 0.019296753 | E10: =C10/D10 -> 1.5375903
A11: Full vs. no harmonization | B11: 0.667 | C11: =AVERAGE(Results_Table16!E182:E201) -> 0.033018 | D11: =_xlfn.STDEV.S(Results_Table16!E11:E30) -> 0.019982818 | E11: =C11/D11 -> 1.6523195
A12: Full vs. no masking | B12: 1.03 | C12: =AVERAGE(Results_Table16!E202:E221) -> 0.05459 | D12: =_xlfn.STDEV.S(Results_Table16!E12:E31) -> 0.019959332 | E12: =C12/D12 -> 2.7350615
