Workbook

Sheet Results_Table12
A1: Relative Interval | B1: Metric | C1: Run 1 | D1: Run 2 | E1: Run 3 | F1: Run 4 | G1: Run 5 | H1: Run 6 | I1: Run 7 | J1: Run 8 | K1: Run 9 | L1: Run 10 | M1: Run 11 | N1: Run 12 | O1: Run 13 | P1: Run 14 | Q1: Run 15 | R1: Run 16 | S1: Run 17 | T1: Run 18 | U1: Run 19 | V1: Run 20 | W1: Mean | X1: SD | Y1: CV (%) | Z1: Min | AA1: Max
A2: Pre-shift | B2: MAE | C2: 0.5736 | D2: 0.5603 | E2: 0.5693 | F2: 0.577 | G2: 0.574 | H2: 0.567 | I2: 0.5502 | J2: 0.5616 | K2: 0.6026 | L2: 0.5493 | M2: 0.5717 | N2: 0.5878 | O2: 0.5556 | P2: 0.56 | Q2: 0.6001 | R2: 0.576 | S2: 0.5907 | T2: 0.5348 | U2: 0.5633 | V2: 0.5437 | W2: =AVERAGE(C2:V2) -> 0.56843 | X2: =_xlfn.STDEV.S(C2:V2) -> 0.017858069 | Y2: =IFERROR(X2/ABS(W2)*100,"") -> 3.1416479 | Z2: =MIN(C2:V2) -> 0.5348 | AA2: =MAX(C2:V2) -> 0.6026
A3: Pre-shift | B3: RMSE | C3: 0.781 | D3: 0.7536 | E3: 0.7481 | F3: 0.7584 | G3: 0.7784 | H3: 0.7747 | I3: 0.7538 | J3: 0.7477 | K3: 0.7651 | L3: 0.7162 | M3: 0.7541 | N3: 0.7821 | O3: 0.7452 | P3: 0.7592 | Q3: 0.7472 | R3: 0.7684 | S3: 0.7436 | T3: 0.71 | U3: 0.7269 | V3: 0.7458 | W3: =AVERAGE(C3:V3) -> 0.752975 | X3: =_xlfn.STDEV.S(C3:V3) -> 0.019696991 | Y3: =IFERROR(X3/ABS(W3)*100,"") -> 2.6158891 | Z3: =MIN(C3:V3) -> 0.71 | AA3: =MAX(C3:V3) -> 0.7821
A4: Pre-shift | B4: sMAPE (%) | C4: 4.7252 | D4: 4.5202 | E4: 4.9518 | F4: 4.9387 | G4: 4.5928 | H4: 5.103 | I4: 4.818 | J4: 4.6625 | K4: 4.7562 | L4: 4.9603 | M4: 4.6648 | N4: 4.9237 | O4: 4.9627 | P4: 4.6713 | Q4: 4.9151 | R4: 4.8784 | S4: 4.7808 | T4: 4.8373 | U4: 4.8829 | V4: 4.6731 | W4: =AVERAGE(C4:V4) -> 4.81094 | X4: =_xlfn.STDEV.S(C4:V4) -> 0.14975457 | Y4: =IFERROR(X4/ABS(W4)*100,"") -> 3.1127923 | Z4: =MIN(C4:V4) -> 4.5202 | AA4: =MAX(C4:V4) -> 5.103
A5: Pre-shift | B5: R2 | C5: 0.9004 | D5: 0.9042 | E5: 0.906 | F5: 0.9055 | G5: 0.9022 | H5: 0.9071 | I5: 0.904 | J5: 0.9066 | K5: 0.9028 | L5: 0.9036 | M5: 0.9079 | N5: 0.8998 | O5: 0.9123 | P5: 0.9027 | Q5: 0.9077 | R5: 0.9055 | S5: 0.8981 | T5: 0.9024 | U5: 0.8949 | V5: 0.9057 | W5: =AVERAGE(C5:V5) -> 0.90397 | X5: =_xlfn.STDEV.S(C5:V5) -> 0.0038585653 | Y5: =IFERROR(X5/ABS(W5)*100,"") -> 0.42684661 | Z5: =MIN(C5:V5) -> 0.8949 | AA5: =MAX(C5:V5) -> 0.9123
A6: Pre-shift | B6: Shift Score | C6: 0.1776 | D6: 0.1796 | E6: 0.1622 | F6: 0.1742 | G6: 0.1819 | H6: 0.1831 | I6: 0.1608 | J6: 0.1816 | K6: 0.1751 | L6: 0.1891 | M6: 0.1795 | N6: 0.176 | O6: 0.1822 | P6: 0.1654 | Q6: 0.1554 | R6: 0.1803 | S6: 0.1618 | T6: 0.1692 | U6: 0.1834 | V6: 0.1797 | W6: =AVERAGE(C6:V6) -> 0.174905 | X6: =_xlfn.STDEV.S(C6:V6) -> 0.0092551252 | Y6: =IFERROR(X6/ABS(W6)*100,"") -> 5.2915155 | Z6: =MIN(C6:V6) -> 0.1554 | AA6: =MAX(C6:V6) -> 0.1891
A7: 0–3 h | B7: MAE | C7: 0.789 | D7: 0.7126 | E7: 0.7322 | F7: 0.7535 | G7: 0.7394 | H7: 0.697 | I7: 0.7564 | J7: 0.7472 | K7: 0.7141 | L7: 0.7295 | M7: 0.7576 | N7: 0.7361 | O7: 0.678 | P7: 0.734 | Q7: 0.8244 | R7: 0.7823 | S7: 0.7253 | T7: 0.7062 | U7: 0.7521 | V7: 0.7591 | W7: =AVERAGE(C7:V7) -> 0.7413 | X7: =_xlfn.STDEV.S(C7:V7) -> 0.033481841 | Y7: =IFERROR(X7/ABS(W7)*100,"") -> 4.5166385 | Z7: =MIN(C7:V7) -> 0.678 | AA7: =MAX(C7:V7) -> 0.8244
A8: 0–3 h | B8: RMSE | C8: 0.9686 | D8: 0.9958 | E8: 1.0384 | F8: 1.0158 | G8: 0.9582 | H8: 1.004 | I8: 1.0019 | J8: 0.9571 | K8: 0.9997 | L8: 0.9332 | M8: 0.9942 | N8: 1.0168 | O8: 0.9944 | P8: 0.9629 | Q8: 0.9587 | R8: 0.9504 | S8: 0.9876 | T8: 0.9982 | U8: 0.9704 | V8: 0.9325 | W8: =AVERAGE(C8:V8) -> 0.98194 | X8: =_xlfn.STDEV.S(C8:V8) -> 0.028794214 | Y8: =IFERROR(X8/ABS(W8)*100,"") -> 2.9323801 | Z8: =MIN(C8:V8) -> 0.9325 | AA8: =MAX(C8:V8) -> 1.0384
A9: 0–3 h | B9: sMAPE (%) | C9: 6.003 | D9: 5.8334 | E9: 6.173 | F9: 6.6219 | G9: 5.891 | H9: 6.2169 | I9: 6.1537 | J9: 6.2603 | K9: 6.1484 | L9: 6.0924 | M9: 6.0016 | N9: 6.6845 | O9: 6.664 | P9: 6.8273 | Q9: 6.1203 | R9: 5.8888 | S9: 6.2812 | T9: 6.7777 | U9: 6.3354 | V9: 6.4919 | W9: =AVERAGE(C9:V9) -> 6.273335 | X9: =_xlfn.STDEV.S(C9:V9) -> 0.30694853 | Y9: =IFERROR(X9/ABS(W9)*100,"") -> 4.8929083 | Z9: =MIN(C9:V9) -> 5.8334 | AA9: =MAX(C9:V9) -> 6.8273
A10: 0–3 h | B10: R2 | C10: 0.879 | D10: 0.8754 | E10: 0.8677 | F10: 0.879 | G10: 0.8674 | H10: 0.8718 | I10: 0.8815 | J10: 0.8751 | K10: 0.8698 | L10: 0.8743 | M10: 0.8801 | N10: 0.866 | O10: 0.8785 | P10: 0.8751 | Q10: 0.8825 | R10: 0.8745 | S10: 0.8671 | T10: 0.8766 | U10: 0.8831 | V10: 0.8771 | W10: =AVERAGE(C10:V10) -> 0.87508 | X10: =_xlfn.STDEV.S(C10:V10) -> 0.0053008043 | Y10: =IFERROR(X10/ABS(W10)*100,"") -> 0.60575082 | Z10: =MIN(C10:V10) -> 0.866 | AA10: =MAX(C10:V10) -> 0.8831
A11: 0–3 h | B11: Shift Score | C11: 0.2401 | D11: 0.2366 | E11: 0.2531 | F11: 0.2359 | G11: 0.2557 | H11: 0.2434 | I11: 0.231 | J11: 0.235 | K11: 0.2592 | L11: 0.23 | M11: 0.2492 | N11: 0.2347 | O11: 0.263 | P11: 0.2494 | Q11: 0.2605 | R11: 0.2447 | S11: 0.2317 | T11: 0.2765 | U11: 0.2071 | V11: 0.2199 | W11: =AVERAGE(C11:V11) -> 0.242835 | X11: =_xlfn.STDEV.S(C11:V11) -> 0.016111332 | Y11: =IFERROR(X11/ABS(W11)*100,"") -> 6.6346829 | Z11: =MIN(C11:V11) -> 0.2071 | AA11: =MAX(C11:V11) -> 0.2765
A12: 3–6 h | B12: MAE | C12: 0.7123 | D12: 0.7417 | E12: 0.7014 | F12: 0.7414 | G12: 0.7422 | H12: 0.7093 | I12: 0.7026 | J12: 0.726 | K12: 0.6442 | L12: 0.7126 | M12: 0.7098 | N12: 0.7013 | O12: 0.6928 | P12: 0.6902 | Q12: 0.7043 | R12: 0.6679 | S12: 0.7232 | T12: 0.7087 | U12: 0.7004 | V12: 0.7479 | W12: =AVERAGE(C12:V12) -> 0.70901 | X12: =_xlfn.STDEV.S(C12:V12) -> 0.025139608 | Y12: =IFERROR(X12/ABS(W12)*100,"") -> 3.5457339 | Z12: =MIN(C12:V12) -> 0.6442 | AA12: =MAX(C12:V12) -> 0.7479
A13: 3–6 h | B13: RMSE | C13: 0.9581 | D13: 0.8984 | E13: 0.9583 | F13: 0.9569 | G13: 0.9194 | H13: 0.9113 | I13: 0.8897 | J13: 0.9309 | K13: 0.9128 | L13: 0.9386 | M13: 0.9616 | N13: 0.9818 | O13: 0.9403 | P13: 0.9264 | Q13: 0.9289 | R13: 0.9453 | S13: 0.9549 | T13: 0.9443 | U13: 0.9331 | V13: 0.9635 | W13: =AVERAGE(C13:V13) -> 0.937725 | X13: =_xlfn.STDEV.S(C13:V13) -> 0.023584582 | Y13: =IFERROR(X13/ABS(W13)*100,"") -> 2.5150851 | Z13: =MIN(C13:V13) -> 0.8897 | AA13: =MAX(C13:V13) -> 0.9818
... A26: 12–24 h | B26: Shift Score | C26: 0.1888 | D26: 0.204 | E26: 0.1927 | F26: 0.193 | G26: 0.1829 | H26: 0.2124 | I26: 0.2018 | J26: 0.1963 | K26: 0.2007 | L26: 0.195 | M26: 0.2071 | N26: 0.1868 | O26: 0.1942 | P26: 0.2125 | Q26: 0.2016 | R26: 0.2003 | S26: 0.2089 | T26: 0.1982 | U26: 0.2295 | V26: 0.2123 | W26: =AVERAGE(C26:V26) -> 0.20095 | X26: =_xlfn.STDEV.S(C26:V26) -> 0.010846901 | Y26: =IFERROR(X26/ABS(W26)*100,"") -> 5.3978109 | Z26: =MIN(C26:V26) -> 0.1829 | AA26: =MAX(C26:V26) -> 0.2295

Sheet Table12_Summary
A1: Relative Interval | B1: MAE | C1: RMSE | D1: sMAPE (%) | E1: R2 | F1: Shift Score
A2: Pre-shift | B2: =TEXT(Results_Table12!W2,"0.000")&" ± "&TEXT(Results_Table12!X2,"0.000") -> 0.568 ± 0.018 | C2: =TEXT(Results_Table12!W3,"0.000")&" ± "&TEXT(Results_Table12!X3,"0.000") -> 0.753 ± 0.020 | D2: =TEXT(Results_Table12!W4,"0.000")&" ± "&TEXT(Results_Table12!X4,"0.000") -> 4.811 ± 0.150 | E2: =TEXT(Results_Table12!W5,"0.000")&" ± "&TEXT(Results_Table12!X5,"0.000") -> 0.904 ± 0.004 | F2: =TEXT(Results_Table12!W6,"0.000")&" ± "&TEXT(Results_Table12!X6,"0.000") -> 0.175 ± 0.009
A3: 0–3 h | B3: =TEXT(Results_Table12!W7,"0.000")&" ± "&TEXT(Results_Table12!X7,"0.000") -> 0.741 ± 0.033 | C3: =TEXT(Results_Table12!W8,"0.000")&" ± "&TEXT(Results_Table12!X8,"0.000") -> 0.982 ± 0.029 | D3: =TEXT(Results_Table12!W9,"0.000")&" ± "&TEXT(Results_Table12!X9,"0.000") -> 6.273 ± 0.307 | E3: =TEXT(Results_Table12!W10,"0.000")&" ± "&TEXT(Results_Table12!X10,"0.000") -> 0.875 ± 0.005 | F3: =TEXT(Results_Table12!W11,"0.000")&" ± "&TEXT(Results_Table12!X11,"0.000") -> 0.243 ± 0.016
A4: 3–6 h | B4: =TEXT(Results_Table12!W12,"0.000")&" ± "&TEXT(Results_Table12!X12,"0.000") -> 0.709 ± 0.025 | C4: =TEXT(Results_Table12!W13,"0.000")&" ± "&TEXT(Results_Table12!X13,"0.000") -> 0.938 ± 0.024 | D4: =TEXT(Results_Table12!W14,"0.000")&" ± "&TEXT(Results_Table12!X14,"0.000") -> 5.993 ± 0.206 | E4: =TEXT(Results_Table12!W15,"0.000")&" ± "&TEXT(Results_Table12!X15,"0.000") -> 0.881 ± 0.005 | F4: =TEXT(Results_Table12!W16,"0.000")&" ± "&TEXT(Results_Table12!X16,"0.000") -> 0.232 ± 0.013
A5: 6–12 h | B5: =TEXT(Results_Table12!W17,"0.000")&" ± "&TEXT(Results_Table12!X17,"0.000") -> 0.659 ± 0.016 | C5: =TEXT(Results_Table12!W18,"0.000")&" ± "&TEXT(Results_Table12!X18,"0.000") -> 0.872 ± 0.035 | D5: =TEXT(Results_Table12!W19,"0.000")&" ± "&TEXT(Results_Table12!X19,"0.000") -> 5.571 ± 0.254 | E5: =TEXT(Results_Table12!W20,"0.000")&" ± "&TEXT(Results_Table12!X20,"0.000") -> 0.889 ± 0.006 | F5: =TEXT(Results_Table12!W21,"0.000")&" ± "&TEXT(Results_Table12!X21,"0.000") -> 0.219 ± 0.010
A6: 12–24 h | B6: =TEXT(Results_Table12!W22,"0.000")&" ± "&TEXT(Results_Table12!X22,"0.000") -> 0.609 ± 0.013 | C6: =TEXT(Results_Table12!W23,"0.000")&" ± "&TEXT(Results_Table12!X23,"0.000") -> 0.806 ± 0.041 | D6: =TEXT(Results_Table12!W24,"0.000")&" ± "&TEXT(Results_Table12!X24,"0.000") -> 5.145 ± 0.142 | E6: =TEXT(Results_Table12!W25,"0.000")&" ± "&TEXT(Results_Table12!X25,"0.000") -> 0.897 ± 0.005 | F6: =TEXT(Results_Table12!W26,"0.000")&" ± "&TEXT(Results_Table12!X26,"0.000") -> 0.201 ± 0.011
