Workbook

Sheet Results_Table15
A1: Experiment | B1: Configuration | C1: Metric | D1: Run 1 | E1: Run 2 | F1: Run 3 | G1: Run 4 | H1: Run 5 | I1: Run 6 | J1: Run 7 | K1: Run 8 | L1: Run 9 | M1: Run 10 | N1: Run 11 | O1: Run 12 | P1: Run 13 | Q1: Run 14 | R1: Run 15 | S1: Run 16 | T1: Run 17 | U1: Run 18 | V1: Run 19 | W1: Run 20 | X1: Mean | Y1: SD | Z1: CV (%) | AA1: Min | AB1: Max
A2: Historical retention | B2: Before adaptation | C2: MAE | D2: 0.4943 | E2: 0.5422 | F2: 0.5103 | G2: 0.5117 | H2: 0.5292 | I2: 0.5358 | J2: 0.5201 | K2: 0.5293 | L2: 0.5175 | M2: 0.523 | N2: 0.5148 | O2: 0.5115 | P2: 0.4968 | Q2: 0.5163 | R2: 0.5039 | S2: 0.5013 | T2: 0.5209 | U2: 0.5165 | V2: 0.5159 | W2: 0.5319 | X2: =AVERAGE(D2:W2) -> 0.51716 | Y2: =_xlfn.STDEV.S(D2:W2) -> 0.012612917 | Z2: =IFERROR(Y2/ABS(X2)*100,"") -> 2.4388811 | AA2: =MIN(D2:W2) -> 0.4943 | AB2: =MAX(D2:W2) -> 0.5422
A3: Historical retention | B3: Before adaptation | C3: RMSE | D3: 0.6673 | E3: 0.6729 | F3: 0.6958 | G3: 0.7056 | H3: 0.6872 | I3: 0.696 | J3: 0.7076 | K3: 0.6788 | L3: 0.6916 | M3: 0.6529 | N3: 0.6839 | O3: 0.6837 | P3: 0.6918 | Q3: 0.6914 | R3: 0.6872 | S3: 0.6609 | T3: 0.6851 | U3: 0.6809 | V3: 0.6938 | W3: 0.6671 | X3: =AVERAGE(D3:W3) -> 0.684075 | Y3: =_xlfn.STDEV.S(D3:W3) -> 0.014184902 | Z3: =IFERROR(Y3/ABS(X3)*100,"") -> 2.0735887 | AA3: =MIN(D3:W3) -> 0.6529 | AB3: =MAX(D3:W3) -> 0.7076
A4: Historical retention | B4: Before adaptation | C4: sMAPE (%) | D4: 4.4088 | E4: 4.3124 | F4: 4.4442 | G4: 4.368 | H4: 4.2258 | I4: 4.5694 | J4: 4.2558 | K4: 4.2496 | L4: 4.0544 | M4: 4.4266 | N4: 4.2466 | O4: 4.1704 | P4: 4.5029 | Q4: 4.2228 | R4: 4.2573 | S4: 4.388 | T4: 4.826 | U4: 4.4462 | V4: 4.6131 | W4: 4.4996 | X4: =AVERAGE(D4:W4) -> 4.374395 | Y4: =_xlfn.STDEV.S(D4:W4) -> 0.17739411 | Z4: =IFERROR(Y4/ABS(X4)*100,"") -> 4.0552832 | AA4: =MIN(D4:W4) -> 4.0544 | AB4: =MAX(D4:W4) -> 4.826
A5: Historical retention | B5: Before adaptation | C5: R2 | D5: 0.9201 | E5: 0.9133 | F5: 0.9078 | G5: 0.9114 | H5: 0.9145 | I5: 0.9122 | J5: 0.9124 | K5: 0.9148 | L5: 0.9198 | M5: 0.9119 | N5: 0.9183 | O5: 0.9182 | P5: 0.9124 | Q5: 0.9179 | R5: 0.9097 | S5: 0.9116 | T5: 0.9119 | U5: 0.9165 | V5: 0.9086 | W5: 0.9176 | X5: =AVERAGE(D5:W5) -> 0.914045 | Y5: =_xlfn.STDEV.S(D5:W5) -> 0.0036887418 | Z5: =IFERROR(Y5/ABS(X5)*100,"") -> 0.40356238 | AA5: =MIN(D5:W5) -> 0.9078 | AB5: =MAX(D5:W5) -> 0.9201
A6: Historical retention | B6: Before adaptation | C6: Shift Score | D6: 0.1668 | E6: 0.1568 | F6: 0.1671 | G6: 0.1579 | H6: 0.1603 | I6: 0.1646 | J6: 0.1604 | K6: 0.1613 | L6: 0.161 | M6: 0.1736 | N6: 0.1526 | O6: 0.1655 | P6: 0.1603 | Q6: 0.1646 | R6: 0.1714 | S6: 0.164 | T6: 0.1652 | U6: 0.1612 | V6: 0.1643 | W6: 0.1623 | X6: =AVERAGE(D6:W6) -> 0.16306 | Y6: =_xlfn.STDEV.S(D6:W6) -> 0.0047989473 | Z6: =IFERROR(Y6/ABS(X6)*100,"") -> 2.9430561 | AA6: =MIN(D6:W6) -> 0.1526 | AB6: =MAX(D6:W6) -> 0.1736
A7: Historical retention | B7: After adaptation | C7: MAE | D7: 0.6118 | E7: 0.6435 | F7: 0.6806 | G7: 0.6654 | H7: 0.6373 | I7: 0.6447 | J7: 0.6588 | K7: 0.6026 | L7: 0.6091 | M7: 0.6248 | N7: 0.5817 | O7: 0.6112 | P7: 0.5891 | Q7: 0.6892 | R7: 0.648 | S7: 0.6507 | T7: 0.6693 | U7: 0.6348 | V7: 0.6129 | W7: 0.5994 | X7: =AVERAGE(D7:W7) -> 0.633245 | Y7: =_xlfn.STDEV.S(D7:W7) -> 0.030644317 | Z7: =IFERROR(Y7/ABS(X7)*100,"") -> 4.8392514 | AA7: =MIN(D7:W7) -> 0.5817 | AB7: =MAX(D7:W7) -> 0.6892
A8: Historical retention | B8: After adaptation | C8: RMSE | D8: 0.8659 | E8: 0.8257 | F8: 0.8429 | G8: 0.811 | H8: 0.8527 | I8: 0.8751 | J8: 0.837 | K8: 0.8244 | L8: 0.8245 | M8: 0.861 | N8: 0.8451 | O8: 0.8368 | P8: 0.8036 | Q8: 0.8263 | R8: 0.8386 | S8: 0.8581 | T8: 0.8592 | U8: 0.8495 | V8: 0.8405 | W8: 0.8126 | X8: =AVERAGE(D8:W8) -> 0.839525 | Y8: =_xlfn.STDEV.S(D8:W8) -> 0.01937915 | Z8: =IFERROR(Y8/ABS(X8)*100,"") -> 2.308347 | AA8: =MIN(D8:W8) -> 0.8036 | AB8: =MAX(D8:W8) -> 0.8751
A9: Historical retention | B9: After adaptation | C9: sMAPE (%) | D9: 5.5544 | E9: 5.5999 | F9: 5.2646 | G9: 5.4647 | H9: 5.8196 | I9: 5.6076 | J9: 5.2104 | K9: 5.1933 | L9: 4.9594 | M9: 4.7235 | N9: 5.4131 | O9: 5.1305 | P9: 5.4697 | Q9: 5.2929 | R9: 5.6895 | S9: 5.1277 | T9: 4.9668 | U9: 5.3319 | V9: 5.6995 | W9: 4.9363 | X9: =AVERAGE(D9:W9) -> 5.322765 | Y9: =_xlfn.STDEV.S(D9:W9) -> 0.29564693 | Z9: =IFERROR(Y9/ABS(X9)*100,"") -> 5.5543862 | AA9: =MIN(D9:W9) -> 4.7235 | AB9: =MAX(D9:W9) -> 5.8196
A10: Historical retention | B10: After adaptation | C10: R2 | D10: 0.8919 | E10: 0.8937 | F10: 0.8967 | G10: 0.8975 | H10: 0.8865 | I10: 0.895 | J10: 0.8894 | K10: 0.8897 | L10: 0.8908 | M10: 0.8947 | N10: 0.8887 | O10: 0.89 | P10: 0.8884 | Q10: 0.8925 | R10: 0.8949 | S10: 0.8853 | T10: 0.8938 | U10: 0.89 | V10: 0.8939 | W10: 0.8948 | X10: =AVERAGE(D10:W10) -> 0.89191 | Y10: =_xlfn.STDEV.S(D10:W10) -> 0.0033654436 | Z10: =IFERROR(Y10/ABS(X10)*100,"") -> 0.37732995 | AA10: =MIN(D10:W10) -> 0.8853 | AB10: =MAX(D10:W10) -> 0.8975
A11: Historical retention | B11: After adaptation | C11: Shift Score | D11: 0.2186 | E11: 0.1933 | F11: 0.2202 | G11: 0.1984 | H11: 0.1884 | I11: 0.211 | J11: 0.1921 | K11: 0.2015 | L11: 0.2057 | M11: 0.2145 | N11: 0.2058 | O11: 0.1978 | P11: 0.1944 | Q11: 0.1991 | R11: 0.1803 | S11: 0.219 | T11: 0.1786 | U11: 0.2178 | V11: 0.2214 | W11: 0.203 | X11: =AVERAGE(D11:W11) -> 0.203045 | Y11: =_xlfn.STDEV.S(D11:W11) -> 0.013059519 | Z11: =IFERROR(Y11/ABS(X11)*100,"") -> 6.4318346 | AA11: =MIN(D11:W11) -> 0.1786 | AB11: =MAX(D11:W11) -> 0.2214
A12: Historical retention | B12: Replay regularization | C12: MAE | D12: 0.536 | E12: 0.5708 | F12: 0.5704 | G12: 0.5374 | H12: 0.5347 | I12: 0.5684 | J12: 0.5597 | K12: 0.5994 | L12: 0.5512 | M12: 0.5819 | N12: 0.6187 | O12: 0.5539 | P12: 0.5726 | Q12: 0.5544 | R12: 0.5346 | S12: 0.5427 | T12: 0.5757 | U12: 0.5444 | V12: 0.5113 | W12: 0.5833 | X12: =AVERAGE(D12:W12) -> 0.560075 | Y12: =_xlfn.STDEV.S(D12:W12) -> 0.025291456 | Z12: =IFERROR(Y12/ABS(X12)*100,"") -> 4.5157267 | AA12: =MIN(D12:W12) -> 0.5113 | AB12: =MAX(D12:W12) -> 0.6187
A13: Historical retention | B13: Replay regularization | C13: RMSE | D13: 0.7118 | E13: 0.7406 | F13: 0.7614 | G13: 0.7589 | H13: 0.7493 | I13: 0.7095 | J13: 0.7717 | K13: 0.7484 | L13: 0.6937 | M13: 0.7417 | N13: 0.7509 | O13: 0.7197 | P13: 0.7202 | Q13: 0.7462 | R13: 0.7621 | S13: 0.7203 | T13: 0.735 | U13: 0.7717 | V13: 0.7359 | W13: 0.7672 | X13: =AVERAGE(D13:W13) -> 0.74081 | Y13: =_xlfn.STDEV.S(D13:W13) -> 0.022314543 | Z13: =IFERROR(Y13/ABS(X13)*100,"") -> 3.0121817 | AA13: =MIN(D13:W13) -> 0.6937 | AB13: =MAX(D13:W13) -> 0.7717
... A41: Backward transfer | B41: Replay + alignment | C41: Shift Score | D41: 0.1598 | E41: 0.167 | F41: 0.163 | G41: 0.1693 | H41: 0.1611 | I41: 0.1594 | J41: 0.1652 | K41: 0.1737 | L41: 0.1705 | M41: 0.1632 | N41: 0.1636 | O41: 0.1666 | P41: 0.1632 | Q41: 0.163 | R41: 0.1718 | S41: 0.1647 | T41: 0.1687 | U41: 0.1532 | V41: 0.1625 | W41: 0.1689 | X41: =AVERAGE(D41:W41) -> 0.16492 | Y41: =_xlfn.STDEV.S(D41:W41) -> 0.0048213997 | Z41: =IFERROR(Y41/ABS(X41)*100,"") -> 2.9234778 | AA41: =MIN(D41:W41) -> 0.1532 | AB41: =MAX(D41:W41) -> 0.1737

Sheet Table15_Summary
A1: Experiment | B1: Configuration | C1: MAE | D1: RMSE | E1: sMAPE (%) | F1: R2 | G1: Shift Score
A2: Historical retention | B2: Before adaptation | C2: =TEXT(Results_Table15!X2,"0.000")&" ± "&TEXT(Results_Table15!Y2,"0.000") -> 0.517 ± 0.013 | D2: =TEXT(Results_Table15!X3,"0.000")&" ± "&TEXT(Results_Table15!Y3,"0.000") -> 0.684 ± 0.014 | E2: =TEXT(Results_Table15!X4,"0.000")&" ± "&TEXT(Results_Table15!Y4,"0.000") -> 4.374 ± 0.177 | F2: =TEXT(Results_Table15!X5,"0.000")&" ± "&TEXT(Results_Table15!Y5,"0.000") -> 0.914 ± 0.004 | G2: =TEXT(Results_Table15!X6,"0.000")&" ± "&TEXT(Results_Table15!Y6,"0.000") -> 0.163 ± 0.005
A3: Historical retention | B3: After adaptation | C3: =TEXT(Results_Table15!X7,"0.000")&" ± "&TEXT(Results_Table15!Y7,"0.000") -> 0.633 ± 0.031 | D3: =TEXT(Results_Table15!X8,"0.000")&" ± "&TEXT(Results_Table15!Y8,"0.000") -> 0.840 ± 0.019 | E3: =TEXT(Results_Table15!X9,"0.000")&" ± "&TEXT(Results_Table15!Y9,"0.000") -> 5.323 ± 0.296 | F3: =TEXT(Results_Table15!X10,"0.000")&" ± "&TEXT(Results_Table15!Y10,"0.000") -> 0.892 ± 0.003 | G3: =TEXT(Results_Table15!X11,"0.000")&" ± "&TEXT(Results_Table15!Y11,"0.000") -> 0.203 ± 0.013
A4: Historical retention | B4: Replay regularization | C4: =TEXT(Results_Table15!X12,"0.000")&" ± "&TEXT(Results_Table15!Y12,"0.000") -> 0.560 ± 0.025 | D4: =TEXT(Results_Table15!X13,"0.000")&" ± "&TEXT(Results_Table15!Y13,"0.000") -> 0.741 ± 0.022 | E4: =TEXT(Results_Table15!X14,"0.000")&" ± "&TEXT(Results_Table15!Y14,"0.000") -> 4.739 ± 0.177 | F4: =TEXT(Results_Table15!X15,"0.000")&" ± "&TEXT(Results_Table15!Y15,"0.000") -> 0.905 ± 0.004 | G4: =TEXT(Results_Table15!X16,"0.000")&" ± "&TEXT(Results_Table15!Y16,"0.000") -> 0.176 ± 0.011
A5: Historical retention | B5: Alignment regularization | C5: =TEXT(Results_Table15!X17,"0.000")&" ± "&TEXT(Results_Table15!Y17,"0.000") -> 0.545 ± 0.017 | D5: =TEXT(Results_Table15!X18,"0.000")&" ± "&TEXT(Results_Table15!Y18,"0.000") -> 0.724 ± 0.021 | E5: =TEXT(Results_Table15!X19,"0.000")&" ± "&TEXT(Results_Table15!Y19,"0.000") -> 4.598 ± 0.119 | F5: =TEXT(Results_Table15!X20,"0.000")&" ± "&TEXT(Results_Table15!Y20,"0.000") -> 0.907 ± 0.005 | G5: =TEXT(Results_Table15!X21,"0.000")&" ± "&TEXT(Results_Table15!Y21,"0.000") -> 0.170 ± 0.007
A6: Backward transfer | B6: Naive continual | C6: =TEXT(Results_Table15!X22,"0.000")&" ± "&TEXT(Results_Table15!Y22,"0.000") -> 0.652 ± 0.019 | D6: =TEXT(Results_Table15!X23,"0.000")&" ± "&TEXT(Results_Table15!Y23,"0.000") -> 0.864 ± 0.023 | E6: =TEXT(Results_Table15!X24,"0.000")&" ± "&TEXT(Results_Table15!Y24,"0.000") -> 5.487 ± 0.219 | F6: =TEXT(Results_Table15!X25,"0.000")&" ± "&TEXT(Results_Table15!Y25,"0.000") -> 0.889 ± 0.006 | G6: =TEXT(Results_Table15!X26,"0.000")&" ± "&TEXT(Results_Table15!Y26,"0.000") -> 0.208 ± 0.013
A7: Backward transfer | B7: EWC-style | C7: =TEXT(Results_Table15!X27,"0.000")&" ± "&TEXT(Results_Table15!Y27,"0.000") -> 0.597 ± 0.022 | D7: =TEXT(Results_Table15!X28,"0.000")&" ± "&TEXT(Results_Table15!Y28,"0.000") -> 0.792 ± 0.025 | E7: =TEXT(Results_Table15!X29,"0.000")&" ± "&TEXT(Results_Table15!Y29,"0.000") -> 5.061 ± 0.187 | F7: =TEXT(Results_Table15!X30,"0.000")&" ± "&TEXT(Results_Table15!Y30,"0.000") -> 0.899 ± 0.004 | G7: =TEXT(Results_Table15!X31,"0.000")&" ± "&TEXT(Results_Table15!Y31,"0.000") -> 0.191 ± 0.008
A8: Backward transfer | B8: Replay | C8: =TEXT(Results_Table15!X32,"0.000")&" ± "&TEXT(Results_Table15!Y32,"0.000") -> 0.583 ± 0.015 | D8: =TEXT(Results_Table15!X33,"0.000")&" ± "&TEXT(Results_Table15!Y33,"0.000") -> 0.773 ± 0.029 | E8: =TEXT(Results_Table15!X34,"0.000")&" ± "&TEXT(Results_Table15!Y34,"0.000") -> 4.917 ± 0.166 | F8: =TEXT(Results_Table15!X35,"0.000")&" ± "&TEXT(Results_Table15!Y35,"0.000") -> 0.902 ± 0.006 | G8: =TEXT(Results_Table15!X36,"0.000")&" ± "&TEXT(Results_Table15!Y36,"0.000") -> 0.183 ± 0.006
A9: Backward transfer | B9: Replay + alignment | C9: =TEXT(Results_Table15!X37,"0.000")&" ± "&TEXT(Results_Table15!Y37,"0.000") -> 0.540 ± 0.013 | D9: =TEXT(Results_Table15!X38,"0.000")&" ± "&TEXT(Results_Table15!Y38,"0.000") -> 0.712 ± 0.021 | E9: =TEXT(Results_Table15!X39,"0.000")&" ± "&TEXT(Results_Table15!Y39,"0.000") -> 4.576 ± 0.093 | F9: =TEXT(Results_Table15!X40,"0.000")&" ± "&TEXT(Results_Table15!Y40,"0.000") -> 0.910 ± 0.005 | G9: =TEXT(Results_Table15!X41,"0.000")&" ± "&TEXT(Results_Table15!Y41,"0.000") -> 0.165 ± 0.005
