Workbook

Sheet Results_Table6
A1: Configuration | B1: Metric | C1: Run 1 | D1: Run 2 | E1: Run 3 | F1: Run 4 | G1: Run 5 | H1: Run 6 | I1: Run 7 | J1: Run 8 | K1: Run 9 | L1: Run 10 | M1: Run 11 | N1: Run 12 | O1: Run 13 | P1: Run 14 | Q1: Run 15 | R1: Run 16 | S1: Run 17 | T1: Run 18 | U1: Run 19 | V1: Run 20 | W1: Mean | X1: SD | Y1: CV (%) | Z1: Min | AA1: Max
A2: Full model | B2: MAE | C2: 0.5718 | D2: 0.6102 | E2: 0.5702 | F2: 0.5736 | G2: 0.6063 | H2: 0.5737 | I2: 0.5616 | J2: 0.5944 | K2: 0.5848 | L2: 0.5843 | M2: 0.578 | N2: 0.5672 | O2: 0.5499 | P2: 0.6057 | Q2: 0.5749 | R2: 0.587 | S2: 0.5926 | T2: 0.5759 | U2: 0.556 | V2: 0.545 | W2: =AVERAGE(C2:V2) -> 0.578155 | X2: =_xlfn.STDEV.S(C2:V2) -> 0.01799554 | Y2: =IFERROR(X2/ABS(W2)*100,"") -> 3.1125805 | Z2: =MIN(C2:V2) -> 0.545 | AA2: =MAX(C2:V2) -> 0.6102
A3: Full model | B3: RMSE | C3: 0.7322 | D3: 0.7758 | E3: 0.7406 | F3: 0.7596 | G3: 0.7672 | H3: 0.7605 | I3: 0.7612 | J3: 0.7909 | K3: 0.7924 | L3: 0.8069 | M3: 0.7323 | N3: 0.7361 | O3: 0.7714 | P3: 0.7819 | Q3: 0.7905 | R3: 0.7662 | S3: 0.7845 | T3: 0.7428 | U3: 0.7295 | V3: 0.731 | W3: =AVERAGE(C3:V3) -> 0.762675 | X3: =_xlfn.STDEV.S(C3:V3) -> 0.02416794 | Y3: =IFERROR(X3/ABS(W3)*100,"") -> 3.1688387 | Z3: =MIN(C3:V3) -> 0.7295 | AA3: =MAX(C3:V3) -> 0.8069
A4: Full model | B4: R2 | C4: 0.8999 | D4: 0.9012 | E4: 0.9047 | F4: 0.9073 | G4: 0.9003 | H4: 0.9098 | I4: 0.8951 | J4: 0.9019 | K4: 0.9052 | L4: 0.8947 | M4: 0.905 | N4: 0.909 | O4: 0.9116 | P4: 0.8986 | Q4: 0.9035 | R4: 0.9064 | S4: 0.9127 | T4: 0.8934 | U4: 0.9047 | V4: 0.8961 | W4: =AVERAGE(C4:V4) -> 0.903055 | X4: =_xlfn.STDEV.S(C4:V4) -> 0.0056518721 | Y4: =IFERROR(X4/ABS(W4)*100,"") -> 0.62586133 | Z4: =MIN(C4:V4) -> 0.8934 | AA4: =MAX(C4:V4) -> 0.9127
A5: Full model | B5: NLL | C5: -0.1112 | D5: -0.0816 | E5: -0.1177 | F5: -0.1004 | G5: -0.1246 | H5: -0.1207 | I5: -0.1069 | J5: -0.1225 | K5: -0.1032 | L5: -0.1228 | M5: -0.1037 | N5: -0.1143 | O5: -0.1054 | P5: -0.0935 | Q5: -0.1332 | R5: -0.1032 | S5: -0.1133 | T5: -0.1081 | U5: -0.1196 | V5: -0.1044 | W5: =AVERAGE(C5:V5) -> -0.110515 | X5: =_xlfn.STDEV.S(C5:V5) -> 0.011990842 | Y5: =IFERROR(X5/ABS(W5)*100,"") -> 10.849968 | Z5: =MIN(C5:V5) -> -0.1332 | AA5: =MAX(C5:V5) -> -0.0816
A6: Full model | B6: Forget Delta | C6: 0.0381 | D6: 0.0326 | E6: 0.0359 | F6: 0.0393 | G6: 0.0336 | H6: 0.0332 | I6: 0.0361 | J6: 0.0409 | K6: 0.0429 | L6: 0.0243 | M6: 0.0362 | N6: 0.0298 | O6: 0.0234 | P6: 0.0332 | Q6: 0.0334 | R6: 0.0328 | S6: 0.0331 | T6: 0.0325 | U6: 0.0325 | V6: 0.0368 | W6: =AVERAGE(C6:V6) -> 0.03403 | X6: =_xlfn.STDEV.S(C6:V6) -> 0.0047406529 | Y6: =IFERROR(X6/ABS(W6)*100,"") -> 13.930805 | Z6: =MIN(C6:V6) -> 0.0234 | AA6: =MAX(C6:V6) -> 0.0429
A7: Full model | B7: PM2.5 MAE | C7: 3.7515 | D7: 3.9134 | E7: 3.9167 | F7: 3.9371 | G7: 3.8375 | H7: 4.0233 | I7: 3.5036 | J7: 3.5393 | K7: 4.3625 | L7: 3.6702 | M7: 3.4586 | N7: 4.1868 | O7: 3.5841 | P7: 3.7026 | Q7: 3.9298 | R7: 4.4029 | S7: 4.1695 | T7: 3.5562 | U7: 3.2667 | V7: 4.077 | W7: =AVERAGE(C7:V7) -> 3.839465 | X7: =_xlfn.STDEV.S(C7:V7) -> 0.30920348 | Y7: =IFERROR(X7/ABS(W7)*100,"") -> 8.053296 | Z7: =MIN(C7:V7) -> 3.2667 | AA7: =MAX(C7:V7) -> 4.4029
A8: Without alignment loss | B8: MAE | C8: 0.7855 | D8: 0.8029 | E8: 0.8739 | F8: 0.7823 | G8: 0.7611 | H8: 0.813 | I8: 0.8091 | J8: 0.8108 | K8: 0.823 | L8: 0.8781 | M8: 0.8163 | N8: 0.8698 | O8: 0.8443 | P8: 0.8136 | Q8: 0.7934 | R8: 0.7836 | S8: 0.8427 | T8: 0.8341 | U8: 0.8924 | V8: 0.8281 | W8: =AVERAGE(C8:V8) -> 0.8229 | X8: =_xlfn.STDEV.S(C8:V8) -> 0.035486395 | Y8: =IFERROR(X8/ABS(W8)*100,"") -> 4.3123581 | Z8: =MIN(C8:V8) -> 0.7611 | AA8: =MAX(C8:V8) -> 0.8924
A9: Without alignment loss | B9: RMSE | C9: 1.0137 | D9: 1.091 | E9: 1.0828 | F9: 1.1082 | G9: 1.1023 | H9: 1.1678 | I9: 1.0813 | J9: 1.1569 | K9: 1.0857 | L9: 1.0966 | M9: 1.0946 | N9: 1.1186 | O9: 1.0961 | P9: 1.0676 | Q9: 1.0354 | R9: 1.0918 | S9: 1.1248 | T9: 1.1205 | U9: 1.0921 | V9: 1.1315 | W9: =AVERAGE(C9:V9) -> 1.097965 | X9: =_xlfn.STDEV.S(C9:V9) -> 0.035529725 | Y9: =IFERROR(X9/ABS(W9)*100,"") -> 3.2359615 | Z9: =MIN(C9:V9) -> 1.0137 | AA9: =MAX(C9:V9) -> 1.1678
A10: Without alignment loss | B10: R2 | C10: 0.8666 | D10: 0.8514 | E10: 0.8652 | F10: 0.8585 | G10: 0.8553 | H10: 0.8637 | I10: 0.8561 | J10: 0.8578 | K10: 0.8579 | L10: 0.8665 | M10: 0.867 | N10: 0.8615 | O10: 0.8747 | P10: 0.8629 | Q10: 0.8637 | R10: 0.8543 | S10: 0.8499 | T10: 0.8658 | U10: 0.8622 | V10: 0.8566 | W10: =AVERAGE(C10:V10) -> 0.86088 | X10: =_xlfn.STDEV.S(C10:V10) -> 0.0061034589 | Y10: =IFERROR(X10/ABS(W10)*100,"") -> 0.70897906 | Z10: =MIN(C10:V10) -> 0.8499 | AA10: =MAX(C10:V10) -> 0.8747
A11: Without alignment loss | B11: NLL | C11: 0.2445 | D11: 0.2699 | E11: 0.2236 | F11: 0.2542 | G11: 0.2634 | H11: 0.2509 | I11: 0.2117 | J11: 0.2539 | K11: 0.303 | L11: 0.2622 | M11: 0.2515 | N11: 0.3042 | O11: 0.2356 | P11: 0.1983 | Q11: 0.2448 | R11: 0.2177 | S11: 0.2537 | T11: 0.2264 | U11: 0.2214 | V11: 0.2979 | W11: =AVERAGE(C11:V11) -> 0.24944 | X11: =_xlfn.STDEV.S(C11:V11) -> 0.029315335 | Y11: =IFERROR(X11/ABS(W11)*100,"") -> 11.752459 | Z11: =MIN(C11:V11) -> 0.1983 | AA11: =MAX(C11:V11) -> 0.3042
A12: Without alignment loss | B12: Forget Delta | C12: 0.0452 | D12: 0.0422 | E12: 0.0489 | F12: 0.04 | G12: 0.0452 | H12: 0.054 | I12: 0.0422 | J12: 0.0455 | K12: 0.0456 | L12: 0.0343 | M12: 0.0532 | N12: 0.0469 | O12: 0.0434 | P12: 0.0619 | Q12: 0.0539 | R12: 0.0481 | S12: 0.0373 | T12: 0.0476 | U12: 0.0333 | V12: 0.0553 | W12: =AVERAGE(C12:V12) -> 0.0462 | X12: =_xlfn.STDEV.S(C12:V12) -> 0.0071823614 | Y12: =IFERROR(X12/ABS(W12)*100,"") -> 15.546237 | Z12: =MIN(C12:V12) -> 0.0333 | AA12: =MAX(C12:V12) -> 0.0619
A13: Without alignment loss | B13: PM2.5 MAE | C13: 4.3856 | D13: 3.6045 | E13: 4.4248 | F13: 4.0889 | G13: 4.2134 | H13: 4.1742 | I13: 4.2193 | J13: 5.0738 | K13: 4.5594 | L13: 4.277 | M13: 3.4876 | N13: 4.5831 | O13: 5.3669 | P13: 4.242 | Q13: 4.4371 | R13: 3.7327 | S13: 4.7413 | T13: 3.8739 | U13: 4.5847 | V13: 4.4054 | W13: =AVERAGE(C13:V13) -> 4.32378 | X13: =_xlfn.STDEV.S(C13:V13) -> 0.45463533 | Y13: =IFERROR(X13/ABS(W13)*100,"") -> 10.514766 | Z13: =MIN(C13:V13) -> 3.4876 | AA13: =MAX(C13:V13) -> 5.3669
... A31: Without shared-private decomposition | B31: PM2.5 MAE | C31: 4.4634 | D31: 4.731 | E31: 5.0732 | F31: 3.2049 | G31: 4.6532 | H31: 4.6049 | I31: 4.0592 | J31: 4.9731 | K31: 5.2657 | L31: 4.3368 | M31: 5.7447 | N31: 4.4331 | O31: 4.3316 | P31: 5.0363 | Q31: 4.206 | R31: 5.0232 | S31: 3.8131 | T31: 5.5816 | U31: 4.4764 | V31: 4.5901 | W31: =AVERAGE(C31:V31) -> 4.630075 | X31: =_xlfn.STDEV.S(C31:V31) -> 0.59240612 | Y31: =IFERROR(X31/ABS(W31)*100,"") -> 12.794741 | Z31: =MIN(C31:V31) -> 3.2049 | AA31: =MAX(C31:V31) -> 5.7447

Sheet Table6_Summary
A1: Configuration | B1: MAE | C1: RMSE | D1: R2 | E1: NLL | F1: Forget Delta | G1: PM2.5 MAE
A2: Full model | B2: =TEXT(Results_Table6!W2,"0.000")&" ± "&TEXT(Results_Table6!X2,"0.000") -> 0.578 ± 0.018 | C2: =TEXT(Results_Table6!W3,"0.000")&" ± "&TEXT(Results_Table6!X3,"0.000") -> 0.763 ± 0.024 | D2: =TEXT(Results_Table6!W4,"0.000")&" ± "&TEXT(Results_Table6!X4,"0.000") -> 0.903 ± 0.006 | E2: =TEXT(Results_Table6!W5,"0.000")&" ± "&TEXT(Results_Table6!X5,"0.000") -> -0.111 ± 0.012 | F2: =TEXT(Results_Table6!W6,"0.000")&" ± "&TEXT(Results_Table6!X6,"0.000") -> 0.034 ± 0.005 | G2: =TEXT(Results_Table6!W7,"0.000")&" ± "&TEXT(Results_Table6!X7,"0.000") -> 3.839 ± 0.309
A3: Without alignment loss | B3: =TEXT(Results_Table6!W8,"0.000")&" ± "&TEXT(Results_Table6!X8,"0.000") -> 0.823 ± 0.035 | C3: =TEXT(Results_Table6!W9,"0.000")&" ± "&TEXT(Results_Table6!X9,"0.000") -> 1.098 ± 0.036 | D3: =TEXT(Results_Table6!W10,"0.000")&" ± "&TEXT(Results_Table6!X10,"0.000") -> 0.861 ± 0.006 | E3: =TEXT(Results_Table6!W11,"0.000")&" ± "&TEXT(Results_Table6!X11,"0.000") -> 0.249 ± 0.029 | F3: =TEXT(Results_Table6!W12,"0.000")&" ± "&TEXT(Results_Table6!X12,"0.000") -> 0.046 ± 0.007 | G3: =TEXT(Results_Table6!W13,"0.000")&" ± "&TEXT(Results_Table6!X13,"0.000") -> 4.324 ± 0.455
A4: Without separation loss | B4: =TEXT(Results_Table6!W14,"0.000")&" ± "&TEXT(Results_Table6!X14,"0.000") -> 0.700 ± 0.032 | C4: =TEXT(Results_Table6!W15,"0.000")&" ± "&TEXT(Results_Table6!X15,"0.000") -> 0.928 ± 0.027 | D4: =TEXT(Results_Table6!W16,"0.000")&" ± "&TEXT(Results_Table6!X16,"0.000") -> 0.879 ± 0.006 | E4: =TEXT(Results_Table6!W17,"0.000")&" ± "&TEXT(Results_Table6!X17,"0.000") -> 0.092 ± 0.018 | F4: =TEXT(Results_Table6!W18,"0.000")&" ± "&TEXT(Results_Table6!X18,"0.000") -> 0.051 ± 0.009 | G4: =TEXT(Results_Table6!W19,"0.000")&" ± "&TEXT(Results_Table6!X19,"0.000") -> 4.211 ± 0.353
A5: Without replay loss | B5: =TEXT(Results_Table6!W20,"0.000")&" ± "&TEXT(Results_Table6!X20,"0.000") -> 0.624 ± 0.025 | C5: =TEXT(Results_Table6!W21,"0.000")&" ± "&TEXT(Results_Table6!X21,"0.000") -> 0.832 ± 0.024 | D5: =TEXT(Results_Table6!W22,"0.000")&" ± "&TEXT(Results_Table6!X22,"0.000") -> 0.891 ± 0.007 | E5: =TEXT(Results_Table6!W23,"0.000")&" ± "&TEXT(Results_Table6!X23,"0.000") -> -0.018 ± 0.011 | F5: =TEXT(Results_Table6!W24,"0.000")&" ± "&TEXT(Results_Table6!X24,"0.000") -> 0.180 ± 0.020 | G5: =TEXT(Results_Table6!W25,"0.000")&" ± "&TEXT(Results_Table6!X25,"0.000") -> 3.801 ± 0.381
A6: Without shared-private decomposition | B6: =TEXT(Results_Table6!W26,"0.000")&" ± "&TEXT(Results_Table6!X26,"0.000") -> 0.754 ± 0.034 | C6: =TEXT(Results_Table6!W27,"0.000")&" ± "&TEXT(Results_Table6!X27,"0.000") -> 1.002 ± 0.055 | D6: =TEXT(Results_Table6!W28,"0.000")&" ± "&TEXT(Results_Table6!X28,"0.000") -> 0.872 ± 0.011 | E6: =TEXT(Results_Table6!W29,"0.000")&" ± "&TEXT(Results_Table6!X29,"0.000") -> 0.151 ± 0.028 | F6: =TEXT(Results_Table6!W30,"0.000")&" ± "&TEXT(Results_Table6!X30,"0.000") -> 0.083 ± 0.013 | G6: =TEXT(Results_Table6!W31,"0.000")&" ± "&TEXT(Results_Table6!X31,"0.000") -> 4.630 ± 0.592
