Workbook

Sheet Results_Table13
A1: Perturbation | B1: Severity | C1: Metric | D1: Run 1 | E1: Run 2 | F1: Run 3 | G1: Run 4 | H1: Run 5 | I1: Run 6 | J1: Run 7 | K1: Run 8 | L1: Run 9 | M1: Run 10 | N1: Run 11 | O1: Run 12 | P1: Run 13 | Q1: Run 14 | R1: Run 15 | S1: Run 16 | T1: Run 17 | U1: Run 18 | V1: Run 19 | W1: Run 20 | X1: Mean | Y1: SD | Z1: CV (%) | AA1: Min | AB1: Max
A2: Burst missingness | B2: 1 h | C2: MAE | D2: 0.5242 | E2: 0.5484 | F2: 0.546 | G2: 0.5294 | H2: 0.5507 | I2: 0.5591 | J2: 0.544 | K2: 0.5414 | L2: 0.5426 | M2: 0.536 | N2: 0.55 | O2: 0.5356 | P2: 0.5264 | Q2: 0.5471 | R2: 0.5492 | S2: 0.542 | T2: 0.5361 | U2: 0.5511 | V2: 0.5597 | W2: 0.5505 | X2: =AVERAGE(D2:W2) -> 0.543475 | Y2: =_xlfn.STDEV.S(D2:W2) -> 0.0098065432 | Z2: =IFERROR(Y2/ABS(X2)*100,"") -> 1.8044148 | AA2: =MIN(D2:W2) -> 0.5242 | AB2: =MAX(D2:W2) -> 0.5597
A3: Burst missingness | B3: 1 h | C3: RMSE | D3: 0.7399 | E3: 0.7576 | F3: 0.706 | G3: 0.7226 | H3: 0.7459 | I3: 0.6944 | J3: 0.682 | K3: 0.7068 | L3: 0.7476 | M3: 0.7101 | N3: 0.7209 | O3: 0.708 | P3: 0.7227 | Q3: 0.7232 | R3: 0.7081 | S3: 0.696 | T3: 0.7129 | U3: 0.6931 | V3: 0.7304 | W3: 0.7412 | X3: =AVERAGE(D3:W3) -> 0.71847 | Y3: =_xlfn.STDEV.S(D3:W3) -> 0.020495779 | Z3: =IFERROR(Y3/ABS(X3)*100,"") -> 2.8526979 | AA3: =MIN(D3:W3) -> 0.682 | AB3: =MAX(D3:W3) -> 0.7576
A4: Burst missingness | B4: 1 h | C4: sMAPE (%) | D4: 4.7253 | E4: 4.3914 | F4: 4.6518 | G4: 4.7674 | H4: 4.7048 | I4: 4.5608 | J4: 4.6745 | K4: 4.6458 | L4: 4.3982 | M4: 4.7455 | N4: 4.5053 | O4: 4.5551 | P4: 4.716 | Q4: 4.5653 | R4: 4.4537 | S4: 4.7068 | T4: 4.5003 | U4: 4.3681 | V4: 4.4628 | W4: 4.6496 | X4: =AVERAGE(D4:W4) -> 4.587425 | Y4: =_xlfn.STDEV.S(D4:W4) -> 0.12820098 | Z4: =IFERROR(Y4/ABS(X4)*100,"") -> 2.7946174 | AA4: =MIN(D4:W4) -> 4.3681 | AB4: =MAX(D4:W4) -> 4.7674
A5: Burst missingness | B5: 1 h | C5: R2 | D5: 0.9049 | E5: 0.905 | F5: 0.9103 | G5: 0.9165 | H5: 0.9078 | I5: 0.9111 | J5: 0.9067 | K5: 0.9115 | L5: 0.9107 | M5: 0.9097 | N5: 0.905 | O5: 0.9123 | P5: 0.9085 | Q5: 0.9045 | R5: 0.9155 | S5: 0.9109 | T5: 0.9048 | U5: 0.906 | V5: 0.9118 | W5: 0.9085 | X5: =AVERAGE(D5:W5) -> 0.9091 | Y5: =_xlfn.STDEV.S(D5:W5) -> 0.0035489064 | Z5: =IFERROR(Y5/ABS(X5)*100,"") -> 0.3903758 | AA5: =MIN(D5:W5) -> 0.9045 | AB5: =MAX(D5:W5) -> 0.9165
A6: Burst missingness | B6: 1 h | C6: Shift Score | D6: 0.1705 | E6: 0.1697 | F6: 0.1785 | G6: 0.1767 | H6: 0.1734 | I6: 0.1599 | J6: 0.1852 | K6: 0.1657 | L6: 0.1692 | M6: 0.1657 | N6: 0.1689 | O6: 0.1686 | P6: 0.172 | Q6: 0.1641 | R6: 0.1653 | S6: 0.1429 | T6: 0.1738 | U6: 0.1717 | V6: 0.1703 | W6: 0.169 | X6: =AVERAGE(D6:W6) -> 0.169055 | Y6: =_xlfn.STDEV.S(D6:W6) -> 0.0082677226 | Z6: =IFERROR(Y6/ABS(X6)*100,"") -> 4.8905519 | AA6: =MIN(D6:W6) -> 0.1429 | AB6: =MAX(D6:W6) -> 0.1852
A7: Burst missingness | B7: 3 h | C7: MAE | D7: 0.6035 | E7: 0.5901 | F7: 0.6211 | G7: 0.6359 | H7: 0.6281 | I7: 0.6173 | J7: 0.6447 | K7: 0.6271 | L7: 0.6076 | M7: 0.5998 | N7: 0.6208 | O7: 0.618 | P7: 0.6132 | Q7: 0.6351 | R7: 0.6237 | S7: 0.623 | T7: 0.6346 | U7: 0.6497 | V7: 0.6092 | W7: 0.6402 | X7: =AVERAGE(D7:W7) -> 0.622135 | Y7: =_xlfn.STDEV.S(D7:W7) -> 0.015467837 | Z7: =IFERROR(Y7/ABS(X7)*100,"") -> 2.4862509 | AA7: =MIN(D7:W7) -> 0.5901 | AB7: =MAX(D7:W7) -> 0.6497
A8: Burst missingness | B8: 3 h | C8: RMSE | D8: 0.8144 | E8: 0.8448 | F8: 0.7915 | G8: 0.8369 | H8: 0.8305 | I8: 0.7984 | J8: 0.8111 | K8: 0.8315 | L8: 0.8445 | M8: 0.8389 | N8: 0.8514 | O8: 0.8112 | P8: 0.8428 | Q8: 0.7855 | R8: 0.8119 | S8: 0.817 | T8: 0.7926 | U8: 0.8273 | V8: 0.8363 | W8: 0.8104 | X8: =AVERAGE(D8:W8) -> 0.821445 | Y8: =_xlfn.STDEV.S(D8:W8) -> 0.019812582 | Z8: =IFERROR(Y8/ABS(X8)*100,"") -> 2.4119182 | AA8: =MIN(D8:W8) -> 0.7855 | AB8: =MAX(D8:W8) -> 0.8514
A9: Burst missingness | B9: 3 h | C9: sMAPE (%) | D9: 5.198 | E9: 5.1454 | F9: 5.2114 | G9: 4.9213 | H9: 5.0216 | I9: 4.9866 | J9: 5.0786 | K9: 5.3373 | L9: 5.6002 | M9: 5.5687 | N9: 5.3836 | O9: 5.149 | P9: 5.6422 | Q9: 5.546 | R9: 5.1184 | S9: 5.2154 | T9: 5.1061 | U9: 5.4782 | V9: 5.3888 | W9: 5.0681 | X9: =AVERAGE(D9:W9) -> 5.258245 | Y9: =_xlfn.STDEV.S(D9:W9) -> 0.21977409 | Z9: =IFERROR(Y9/ABS(X9)*100,"") -> 4.1796091 | AA9: =MIN(D9:W9) -> 4.9213 | AB9: =MAX(D9:W9) -> 5.6422
A10: Burst missingness | B10: 3 h | C10: R2 | D10: 0.8894 | E10: 0.9012 | F10: 0.8992 | G10: 0.8965 | H10: 0.8993 | I10: 0.8968 | J10: 0.8919 | K10: 0.8868 | L10: 0.8882 | M10: 0.8922 | N10: 0.8943 | O10: 0.8925 | P10: 0.8847 | Q10: 0.894 | R10: 0.8981 | S10: 0.8846 | T10: 0.8932 | U10: 0.8905 | V10: 0.8862 | W10: 0.9011 | X10: =AVERAGE(D10:W10) -> 0.893035 | Y10: =_xlfn.STDEV.S(D10:W10) -> 0.0053057342 | Z10: =IFERROR(Y10/ABS(X10)*100,"") -> 0.59412389 | AA10: =MIN(D10:W10) -> 0.8846 | AB10: =MAX(D10:W10) -> 0.9012
A11: Burst missingness | B11: 3 h | C11: Shift Score | D11: 0.1837 | E11: 0.209 | F11: 0.1988 | G11: 0.2025 | H11: 0.2022 | I11: 0.1814 | J11: 0.206 | K11: 0.1766 | L11: 0.2101 | M11: 0.2074 | N11: 0.1965 | O11: 0.202 | P11: 0.2024 | Q11: 0.196 | R11: 0.203 | S11: 0.1932 | T11: 0.1833 | U11: 0.1881 | V11: 0.1977 | W11: 0.1918 | X11: =AVERAGE(D11:W11) -> 0.196585 | Y11: =_xlfn.STDEV.S(D11:W11) -> 0.009729352 | Z11: =IFERROR(Y11/ABS(X11)*100,"") -> 4.9491833 | AA11: =MIN(D11:W11) -> 0.1766 | AB11: =MAX(D11:W11) -> 0.2101
A12: Burst missingness | B12: 6 h | C12: MAE | D12: 0.704 | E12: 0.6716 | F12: 0.6743 | G12: 0.689 | H12: 0.687 | I12: 0.6738 | J12: 0.6825 | K12: 0.6945 | L12: 0.6632 | M12: 0.6852 | N12: 0.7142 | O12: 0.6648 | P12: 0.6723 | Q12: 0.6633 | R12: 0.7137 | S12: 0.6668 | T12: 0.699 | U12: 0.7186 | V12: 0.6565 | W12: 0.7043 | X12: =AVERAGE(D12:W12) -> 0.68493 | Y12: =_xlfn.STDEV.S(D12:W12) -> 0.019097619 | Z12: =IFERROR(Y12/ABS(X12)*100,"") -> 2.7882585 | AA12: =MIN(D12:W12) -> 0.6565 | AB12: =MAX(D12:W12) -> 0.7186
A13: Burst missingness | B13: 6 h | C13: RMSE | D13: 0.8893 | E13: 0.9308 | F13: 0.9169 | G13: 0.8933 | H13: 0.909 | I13: 0.8829 | J13: 0.8973 | K13: 0.9392 | L13: 0.9047 | M13: 0.9433 | N13: 0.8601 | O13: 0.8834 | P13: 0.9126 | Q13: 0.901 | R13: 0.8955 | S13: 0.8825 | T13: 0.894 | U13: 0.906 | V13: 0.9269 | W13: 0.9173 | X13: =AVERAGE(D13:W13) -> 0.9043 | Y13: =_xlfn.STDEV.S(D13:W13) -> 0.020884242 | Z13: =IFERROR(Y13/ABS(X13)*100,"") -> 2.3094374 | AA13: =MIN(D13:W13) -> 0.8601 | AB13: =MAX(D13:W13) -> 0.9433
... A71: Timestamp jitter | B71: ±30 min | C71: Shift Score | D71: 0.2322 | E71: 0.2288 | F71: 0.2519 | G71: 0.2488 | H71: 0.2554 | I71: 0.2508 | J71: 0.2339 | K71: 0.2716 | L71: 0.2151 | M71: 0.2582 | N71: 0.2534 | O71: 0.2617 | P71: 0.2211 | Q71: 0.2478 | R71: 0.2433 | S71: 0.2711 | T71: 0.246 | U71: 0.2392 | V71: 0.2305 | W71: 0.2204 | X71: =AVERAGE(D71:W71) -> 0.24406 | Y71: =_xlfn.STDEV.S(D71:W71) -> 0.016180118 | Z71: =IFERROR(Y71/ABS(X71)*100,"") -> 6.6295656 | AA71: =MIN(D71:W71) -> 0.2151 | AB71: =MAX(D71:W71) -> 0.2716

Sheet Table13_Summary
A1: Perturbation | B1: Severity | C1: MAE | D1: RMSE | E1: sMAPE (%) | F1: R2 | G1: Shift Score
A2: Burst missingness | B2: 1 h | C2: =TEXT(Results_Table13!X2,"0.000")&" ± "&TEXT(Results_Table13!Y2,"0.000") -> 0.543 ± 0.010 | D2: =TEXT(Results_Table13!X3,"0.000")&" ± "&TEXT(Results_Table13!Y3,"0.000") -> 0.718 ± 0.020 | E2: =TEXT(Results_Table13!X4,"0.000")&" ± "&TEXT(Results_Table13!Y4,"0.000") -> 4.587 ± 0.128 | F2: =TEXT(Results_Table13!X5,"0.000")&" ± "&TEXT(Results_Table13!Y5,"0.000") -> 0.909 ± 0.004 | G2: =TEXT(Results_Table13!X6,"0.000")&" ± "&TEXT(Results_Table13!Y6,"0.000") -> 0.169 ± 0.008
A3: Burst missingness | B3: 3 h | C3: =TEXT(Results_Table13!X7,"0.000")&" ± "&TEXT(Results_Table13!Y7,"0.000") -> 0.622 ± 0.015 | D3: =TEXT(Results_Table13!X8,"0.000")&" ± "&TEXT(Results_Table13!Y8,"0.000") -> 0.821 ± 0.020 | E3: =TEXT(Results_Table13!X9,"0.000")&" ± "&TEXT(Results_Table13!Y9,"0.000") -> 5.258 ± 0.220 | F3: =TEXT(Results_Table13!X10,"0.000")&" ± "&TEXT(Results_Table13!Y10,"0.000") -> 0.893 ± 0.005 | G3: =TEXT(Results_Table13!X11,"0.000")&" ± "&TEXT(Results_Table13!Y11,"0.000") -> 0.197 ± 0.010
A4: Burst missingness | B4: 6 h | C4: =TEXT(Results_Table13!X12,"0.000")&" ± "&TEXT(Results_Table13!Y12,"0.000") -> 0.685 ± 0.019 | D4: =TEXT(Results_Table13!X13,"0.000")&" ± "&TEXT(Results_Table13!Y13,"0.000") -> 0.904 ± 0.021 | E4: =TEXT(Results_Table13!X14,"0.000")&" ± "&TEXT(Results_Table13!Y14,"0.000") -> 5.778 ± 0.147 | F4: =TEXT(Results_Table13!X15,"0.000")&" ± "&TEXT(Results_Table13!Y15,"0.000") -> 0.885 ± 0.005 | G4: =TEXT(Results_Table13!X16,"0.000")&" ± "&TEXT(Results_Table13!Y16,"0.000") -> 0.221 ± 0.012
A5: Burst missingness | B5: 12 h | C5: =TEXT(Results_Table13!X17,"0.000")&" ± "&TEXT(Results_Table13!Y17,"0.000") -> 0.752 ± 0.024 | D5: =TEXT(Results_Table13!X18,"0.000")&" ± "&TEXT(Results_Table13!Y18,"0.000") -> 0.999 ± 0.039 | E5: =TEXT(Results_Table13!X19,"0.000")&" ± "&TEXT(Results_Table13!Y19,"0.000") -> 6.371 ± 0.251 | F5: =TEXT(Results_Table13!X20,"0.000")&" ± "&TEXT(Results_Table13!Y20,"0.000") -> 0.871 ± 0.007 | G5: =TEXT(Results_Table13!X21,"0.000")&" ± "&TEXT(Results_Table13!Y21,"0.000") -> 0.248 ± 0.010
A6: Burst missingness | B6: 24 h | C6: =TEXT(Results_Table13!X22,"0.000")&" ± "&TEXT(Results_Table13!Y22,"0.000") -> 0.816 ± 0.035 | D6: =TEXT(Results_Table13!X23,"0.000")&" ± "&TEXT(Results_Table13!Y23,"0.000") -> 1.075 ± 0.042 | E6: =TEXT(Results_Table13!X24,"0.000")&" ± "&TEXT(Results_Table13!Y24,"0.000") -> 6.933 ± 0.248 | F6: =TEXT(Results_Table13!X25,"0.000")&" ± "&TEXT(Results_Table13!Y25,"0.000") -> 0.862 ± 0.007 | G6: =TEXT(Results_Table13!X26,"0.000")&" ± "&TEXT(Results_Table13!Y26,"0.000") -> 0.269 ± 0.015
A7: Modality asynchrony | B7: Synchronous | C7: =TEXT(Results_Table13!X27,"0.000")&" ± "&TEXT(Results_Table13!Y27,"0.000") -> 0.542 ± 0.019 | D7: =TEXT(Results_Table13!X28,"0.000")&" ± "&TEXT(Results_Table13!Y28,"0.000") -> 0.721 ± 0.022 | E7: =TEXT(Results_Table13!X29,"0.000")&" ± "&TEXT(Results_Table13!Y29,"0.000") -> 4.573 ± 0.122 | F7: =TEXT(Results_Table13!X30,"0.000")&" ± "&TEXT(Results_Table13!Y30,"0.000") -> 0.907 ± 0.003 | G7: =TEXT(Results_Table13!X31,"0.000")&" ± "&TEXT(Results_Table13!Y31,"0.000") -> 0.175 ± 0.006
A8: Modality asynchrony | B8: 5 min | C8: =TEXT(Results_Table13!X32,"0.000")&" ± "&TEXT(Results_Table13!Y32,"0.000") -> 0.607 ± 0.026 | D8: =TEXT(Results_Table13!X33,"0.000")&" ± "&TEXT(Results_Table13!Y33,"0.000") -> 0.803 ± 0.027 | E8: =TEXT(Results_Table13!X34,"0.000")&" ± "&TEXT(Results_Table13!Y34,"0.000") -> 5.158 ± 0.273 | F8: =TEXT(Results_Table13!X35,"0.000")&" ± "&TEXT(Results_Table13!Y35,"0.000") -> 0.899 ± 0.005 | G8: =TEXT(Results_Table13!X36,"0.000")&" ± "&TEXT(Results_Table13!Y36,"0.000") -> 0.188 ± 0.007
A9: Modality asynchrony | B9: 15 min | C9: =TEXT(Results_Table13!X37,"0.000")&" ± "&TEXT(Results_Table13!Y37,"0.000") -> 0.683 ± 0.031 | D9: =TEXT(Results_Table13!X38,"0.000")&" ± "&TEXT(Results_Table13!Y38,"0.000") -> 0.903 ± 0.030 | E9: =TEXT(Results_Table13!X39,"0.000")&" ± "&TEXT(Results_Table13!Y39,"0.000") -> 5.791 ± 0.241 | F9: =TEXT(Results_Table13!X40,"0.000")&" ± "&TEXT(Results_Table13!Y40,"0.000") -> 0.885 ± 0.007 | G9: =TEXT(Results_Table13!X41,"0.000")&" ± "&TEXT(Results_Table13!Y41,"0.000") -> 0.220 ± 0.006
A10: Modality asynchrony | B10: 30 min | C10: =TEXT(Results_Table13!X42,"0.000")&" ± "&TEXT(Results_Table13!Y42,"0.000") -> 0.736 ± 0.017 | D10: =TEXT(Results_Table13!X43,"0.000")&" ± "&TEXT(Results_Table13!Y43,"0.000") -> 0.978 ± 0.039 | E10: =TEXT(Results_Table13!X44,"0.000")&" ± "&TEXT(Results_Table13!Y44,"0.000") -> 6.208 ± 0.173 | F10: =TEXT(Results_Table13!X45,"0.000")&" ± "&TEXT(Results_Table13!Y45,"0.000") -> 0.876 ± 0.007 | G10: =TEXT(Results_Table13!X46,"0.000")&" ± "&TEXT(Results_Table13!Y46,"0.000") -> 0.239 ± 0.012
A11: Modality asynchrony | B11: 60 min | C11: =TEXT(Results_Table13!X47,"0.000")&" ± "&TEXT(Results_Table13!Y47,"0.000") -> 0.809 ± 0.015 | D11: =TEXT(Results_Table13!X48,"0.000")&" ± "&TEXT(Results_Table13!Y48,"0.000") -> 1.075 ± 0.050 | E11: =TEXT(Results_Table13!X49,"0.000")&" ± "&TEXT(Results_Table13!Y49,"0.000") -> 6.827 ± 0.222 | F11: =TEXT(Results_Table13!X50,"0.000")&" ± "&TEXT(Results_Table13!Y50,"0.000") -> 0.863 ± 0.009 | G11: =TEXT(Results_Table13!X51,"0.000")&" ± "&TEXT(Results_Table13!Y51,"0.000") -> 0.266 ± 0.017
A12: Timestamp jitter | B12: ±1 min | C12: =TEXT(Results_Table13!X52,"0.000")&" ± "&TEXT(Results_Table13!Y52,"0.000") -> 0.551 ± 0.020 | D12: =TEXT(Results_Table13!X53,"0.000")&" ± "&TEXT(Results_Table13!Y53,"0.000") -> 0.728 ± 0.019 | E12: =TEXT(Results_Table13!X54,"0.000")&" ± "&TEXT(Results_Table13!Y54,"0.000") -> 4.663 ± 0.191 | F12: =TEXT(Results_Table13!X55,"0.000")&" ± "&TEXT(Results_Table13!Y55,"0.000") -> 0.907 ± 0.003 | G12: =TEXT(Results_Table13!X56,"0.000")&" ± "&TEXT(Results_Table13!Y56,"0.000") -> 0.170 ± 0.007
A13: Timestamp jitter | B13: ±5 min | C13: =TEXT(Results_Table13!X57,"0.000")&" ± "&TEXT(Results_Table13!Y57,"0.000") -> 0.608 ± 0.020 | D13: =TEXT(Results_Table13!X58,"0.000")&" ± "&TEXT(Results_Table13!Y58,"0.000") -> 0.806 ± 0.024 | E13: =TEXT(Results_Table13!X59,"0.000")&" ± "&TEXT(Results_Table13!Y59,"0.000") -> 5.140 ± 0.233 | F13: =TEXT(Results_Table13!X60,"0.000")&" ± "&TEXT(Results_Table13!Y60,"0.000") -> 0.896 ± 0.005 | G13: =TEXT(Results_Table13!X61,"0.000")&" ± "&TEXT(Results_Table13!Y61,"0.000") -> 0.190 ± 0.006
A14: Timestamp jitter | B14: ±15 min | C14: =TEXT(Results_Table13!X62,"0.000")&" ± "&TEXT(Results_Table13!Y62,"0.000") -> 0.679 ± 0.021 | D14: =TEXT(Results_Table13!X63,"0.000")&" ± "&TEXT(Results_Table13!Y63,"0.000") -> 0.899 ± 0.031 | E14: =TEXT(Results_Table13!X64,"0.000")&" ± "&TEXT(Results_Table13!Y64,"0.000") -> 5.746 ± 0.239 | F14: =TEXT(Results_Table13!X65,"0.000")&" ± "&TEXT(Results_Table13!Y65,"0.000") -> 0.885 ± 0.007 | G14: =TEXT(Results_Table13!X66,"0.000")&" ± "&TEXT(Results_Table13!Y66,"0.000") -> 0.224 ± 0.012
A15: Timestamp jitter | B15: ±30 min | C15: =TEXT(Results_Table13!X67,"0.000")&" ± "&TEXT(Results_Table13!Y67,"0.000") -> 0.744 ± 0.015 | D15: =TEXT(Results_Table13!X68,"0.000")&" ± "&TEXT(Results_Table13!Y68,"0.000") -> 0.987 ± 0.031 | E15: =TEXT(Results_Table13!X69,"0.000")&" ± "&TEXT(Results_Table13!Y69,"0.000") -> 6.302 ± 0.223 | F15: =TEXT(Results_Table13!X70,"0.000")&" ± "&TEXT(Results_Table13!Y70,"0.000") -> 0.873 ± 0.004 | G15: =TEXT(Results_Table13!X71,"0.000")&" ± "&TEXT(Results_Table13!Y71,"0.000") -> 0.244 ± 0.016
