Workbook

Sheet Results_Table3
A1: Target | B1: Method | C1: Horizon | D1: Seed 1 | E1: Seed 2 | F1: Seed 3 | G1: Seed 4 | H1: Seed 5 | I1: Seed 6 | J1: Seed 7 | K1: Seed 8 | L1: Seed 9 | M1: Seed 10 | N1: Seed 11 | O1: Seed 12 | P1: Seed 13 | Q1: Seed 14 | R1: Seed 15 | S1: Seed 16 | T1: Seed 17 | U1: Seed 18 | V1: Seed 19 | W1: Seed 20 | X1: Mean | Y1: SD | Z1: CV (%) | AA1: Min | AB1: Max
A2: T | B2: Persistence | C2: 1 h | D2: 0.5189 | E2: 0.4384 | F2: 0.445 | G2: 0.5829 | H2: 0.5253 | I2: 0.4253 | J2: 0.4981 | K2: 0.5031 | L2: 0.579 | M2: 0.4861 | N2: 0.511 | O2: 0.4937 | P2: 0.4688 | Q2: 0.5017 | R2: 0.4553 | S2: 0.4454 | T2: 0.4733 | U2: 0.5297 | V2: 0.4445 | W2: 0.467 | X2: =AVERAGE(D2:W2) -> 0.489625 | Y2: =_xlfn.STDEV.S(D2:W2) -> 0.043796466 | Z2: =IFERROR(Y2/X2*100,"") -> 8.9448998 | AA2: =MIN(D2:W2) -> 0.4253 | AB2: =MAX(D2:W2) -> 0.5829
A3: T | B3: Persistence | C3: 3 h | D3: 0.7945 | E3: 0.8262 | F3: 0.7876 | G3: 0.866 | H3: 0.7606 | I3: 0.8761 | J3: 0.7516 | K3: 0.8676 | L3: 0.6743 | M3: 0.8055 | N3: 0.8014 | O3: 0.8855 | P3: 0.83 | Q3: 0.7674 | R3: 0.8616 | S3: 0.7459 | T3: 0.7512 | U3: 0.829 | V3: 0.8951 | W3: 0.8343 | X3: =AVERAGE(D3:W3) -> 0.81057 | Y3: =_xlfn.STDEV.S(D3:W3) -> 0.057362129 | Z3: =IFERROR(Y3/X3*100,"") -> 7.0767643 | AA3: =MIN(D3:W3) -> 0.6743 | AB3: =MAX(D3:W3) -> 0.8951
A4: T | B4: Persistence | C4: 6 h | D4: 1.1808 | E4: 1.2572 | F4: 1.2314 | G4: 1.206 | H4: 1.2299 | I4: 1.1912 | J4: 1.285 | K4: 1.0985 | L4: 1.1986 | M4: 1.1529 | N4: 1.1241 | O4: 1.0931 | P4: 1.2053 | Q4: 1.1831 | R4: 1.1318 | S4: 1.1679 | T4: 1.2268 | U4: 1.1221 | V4: 1.1129 | W4: 1.1967 | X4: =AVERAGE(D4:W4) -> 1.179765 | Y4: =_xlfn.STDEV.S(D4:W4) -> 0.053685304 | Z4: =IFERROR(Y4/X4*100,"") -> 4.5505083 | AA4: =MIN(D4:W4) -> 1.0931 | AB4: =MAX(D4:W4) -> 1.285
A5: T | B5: Persistence | C5: 12 h | D5: 1.6534 | E5: 1.62 | F5: 1.6917 | G5: 1.6573 | H5: 1.6149 | I5: 1.6687 | J5: 1.618 | K5: 1.6477 | L5: 1.584 | M5: 1.6812 | N5: 1.5629 | O5: 1.581 | P5: 1.6653 | Q5: 1.7425 | R5: 1.6375 | S5: 1.7111 | T5: 1.6316 | U5: 1.5991 | V5: 1.7196 | W5: 1.5315 | X5: =AVERAGE(D5:W5) -> 1.64095 | Y5: =_xlfn.STDEV.S(D5:W5) -> 0.054216481 | Z5: =IFERROR(Y5/X5*100,"") -> 3.3039691 | AA5: =MIN(D5:W5) -> 1.5315 | AB5: =MAX(D5:W5) -> 1.7425
A6: T | B6: Persistence | C6: 24 h | D6: 1.8766 | E6: 1.8893 | F6: 2.1515 | G6: 1.9004 | H6: 1.8785 | I6: 2.1546 | J6: 2.1447 | K6: 1.7338 | L6: 2.019 | M6: 2.1695 | N6: 2.0431 | O6: 2.1342 | P6: 1.8844 | Q6: 2.1602 | R6: 2.1663 | S6: 2.0048 | T6: 1.9645 | U6: 2.0601 | V6: 1.9526 | W6: 2.0281 | X6: =AVERAGE(D6:W6) -> 2.01581 | Y6: =_xlfn.STDEV.S(D6:W6) -> 0.12760806 | Z6: =IFERROR(Y6/X6*100,"") -> 6.3303617 | AA6: =MIN(D6:W6) -> 1.7338 | AB6: =MAX(D6:W6) -> 2.1695
A7: T | B7: LSTM | C7: 1 h | D7: 0.3698 | E7: 0.3633 | F7: 0.3612 | G7: 0.4026 | H7: 0.4131 | I7: 0.3814 | J7: 0.387 | K7: 0.3894 | L7: 0.3693 | M7: 0.4095 | N7: 0.3971 | O7: 0.4164 | P7: 0.46 | Q7: 0.3783 | R7: 0.3728 | S7: 0.3351 | T7: 0.4029 | U7: 0.3772 | V7: 0.4173 | W7: 0.3877 | X7: =AVERAGE(D7:W7) -> 0.38957 | Y7: =_xlfn.STDEV.S(D7:W7) -> 0.026858344 | Z7: =IFERROR(Y7/X7*100,"") -> 6.8943563 | AA7: =MIN(D7:W7) -> 0.3351 | AB7: =MAX(D7:W7) -> 0.46
A8: T | B8: LSTM | C8: 3 h | D8: 0.5706 | E8: 0.6294 | F8: 0.6353 | G8: 0.5725 | H8: 0.5476 | I8: 0.5757 | J8: 0.5111 | K8: 0.5654 | L8: 0.6912 | M8: 0.6224 | N8: 0.6305 | O8: 0.6446 | P8: 0.6057 | Q8: 0.6279 | R8: 0.5889 | S8: 0.5966 | T8: 0.631 | U8: 0.5593 | V8: 0.6499 | W8: 0.5435 | X8: =AVERAGE(D8:W8) -> 0.599955 | Y8: =_xlfn.STDEV.S(D8:W8) -> 0.044219351 | Z8: =IFERROR(Y8/X8*100,"") -> 7.3704447 | AA8: =MIN(D8:W8) -> 0.5111 | AB8: =MAX(D8:W8) -> 0.6912
A9: T | B9: LSTM | C9: 6 h | D9: 0.8524 | E9: 0.806 | F9: 0.8725 | G9: 0.8498 | H9: 0.8381 | I9: 0.8904 | J9: 0.9408 | K9: 0.8495 | L9: 0.8666 | M9: 0.8382 | N9: 0.8051 | O9: 0.8267 | P9: 0.8764 | Q9: 0.8602 | R9: 0.7772 | S9: 0.8523 | T9: 0.8292 | U9: 0.8606 | V9: 0.8412 | W9: 0.8538 | X9: =AVERAGE(D9:W9) -> 0.84935 | Y9: =_xlfn.STDEV.S(D9:W9) -> 0.034162899 | Z9: =IFERROR(Y9/X9*100,"") -> 4.0222404 | AA9: =MIN(D9:W9) -> 0.7772 | AB9: =MAX(D9:W9) -> 0.9408
A10: T | B10: LSTM | C10: 12 h | D10: 1.2485 | E10: 1.1068 | F10: 1.1757 | G10: 1.2242 | H10: 1.2791 | I10: 1.2233 | J10: 1.2705 | K10: 1.0889 | L10: 1.1266 | M10: 1.2289 | N10: 1.184 | O10: 1.0781 | P10: 1.2092 | Q10: 1.268 | R10: 1.1702 | S10: 1.1146 | T10: 1.2633 | U10: 1.3411 | V10: 1.3011 | W10: 1.0981 | X10: =AVERAGE(D10:W10) -> 1.20001 | Y10: =_xlfn.STDEV.S(D10:W10) -> 0.077824674 | Z10: =IFERROR(Y10/X10*100,"") -> 6.4853355 | AA10: =MIN(D10:W10) -> 1.0781 | AB10: =MAX(D10:W10) -> 1.3411
A11: T | B11: LSTM | C11: 24 h | D11: 1.4436 | E11: 1.5649 | F11: 1.4599 | G11: 1.4687 | H11: 1.5248 | I11: 1.5534 | J11: 1.4561 | K11: 1.4464 | L11: 1.4558 | M11: 1.5111 | N11: 1.5702 | O11: 1.7169 | P11: 1.4501 | Q11: 1.3696 | R11: 1.4698 | S11: 1.4971 | T11: 1.4862 | U11: 1.3396 | V11: 1.5037 | W11: 1.5789 | X11: =AVERAGE(D11:W11) -> 1.49334 | Y11: =_xlfn.STDEV.S(D11:W11) -> 0.080780061 | Z11: =IFERROR(Y11/X11*100,"") -> 5.409355 | AA11: =MIN(D11:W11) -> 1.3396 | AB11: =MAX(D11:W11) -> 1.7169
A12: T | B12: Transformer | C12: 1 h | D12: 0.2762 | E12: 0.3306 | F12: 0.341 | G12: 0.3199 | H12: 0.3735 | I12: 0.3969 | J12: 0.2876 | K12: 0.402 | L12: 0.3404 | M12: 0.3646 | N12: 0.3295 | O12: 0.3071 | P12: 0.2689 | Q12: 0.284 | R12: 0.2946 | S12: 0.3672 | T12: 0.3521 | U12: 0.3428 | V12: 0.3041 | W12: 0.3199 | X12: =AVERAGE(D12:W12) -> 0.330145 | Y12: =_xlfn.STDEV.S(D12:W12) -> 0.038531101 | Z12: =IFERROR(Y12/X12*100,"") -> 11.670963 | AA12: =MIN(D12:W12) -> 0.2689 | AB12: =MAX(D12:W12) -> 0.402
A13: T | B13: Transformer | C13: 3 h | D13: 0.4606 | E13: 0.5448 | F13: 0.5146 | G13: 0.4856 | H13: 0.5118 | I13: 0.4885 | J13: 0.4825 | K13: 0.5306 | L13: 0.5274 | M13: 0.5367 | N13: 0.4852 | O13: 0.4555 | P13: 0.4743 | Q13: 0.5046 | R13: 0.565 | S13: 0.5302 | T13: 0.5635 | U13: 0.507 | V13: 0.5004 | W13: 0.5394 | X13: =AVERAGE(D13:W13) -> 0.51041 | Y13: =_xlfn.STDEV.S(D13:W13) -> 0.031686007 | Z13: =IFERROR(Y13/X13*100,"") -> 6.2079519 | AA13: =MIN(D13:W13) -> 0.4555 | AB13: =MAX(D13:W13) -> 0.565
... A176: PM2.5 | B176: Proposed | C176: 24 h | D176: 8.7822 | E176: 7.5262 | F176: 9.7062 | G176: 9.6964 | H176: 8.4036 | I176: 7.9209 | J176: 9.3746 | K176: 8.2721 | L176: 9.1935 | M176: 7.8876 | N176: 8.2559 | O176: 7.8445 | P176: 8.5669 | Q176: 6.8639 | R176: 10.049 | S176: 7.6204 | T176: 8.0597 | U176: 8.3194 | V176: 8.0199 | W176: 8.2952 | X176: =AVERAGE(D176:W176) -> 8.432905 | Y176: =_xlfn.STDEV.S(D176:W176) -> 0.81706309 | Z176: =IFERROR(Y176/X176*100,"") -> 9.6889873 | AA176: =MIN(D176:W176) -> 6.8639 | AB176: =MAX(D176:W176) -> 10.049

Sheet Table3_Summary
A1: Target | B1: Method | C1: 1 h | D1: 3 h | E1: 6 h | F1: 12 h | G1: 24 h
A2: T | B2: Persistence | C2: =TEXT(Results_Table3!X2,"0.000")&" ± "&TEXT(Results_Table3!Y2,"0.000") -> 0.490 ± 0.044 | D2: =TEXT(Results_Table3!X3,"0.000")&" ± "&TEXT(Results_Table3!Y3,"0.000") -> 0.811 ± 0.057 | E2: =TEXT(Results_Table3!X4,"0.000")&" ± "&TEXT(Results_Table3!Y4,"0.000") -> 1.180 ± 0.054 | F2: =TEXT(Results_Table3!X5,"0.000")&" ± "&TEXT(Results_Table3!Y5,"0.000") -> 1.641 ± 0.054 | G2: =TEXT(Results_Table3!X6,"0.000")&" ± "&TEXT(Results_Table3!Y6,"0.000") -> 2.016 ± 0.128
A3: T | B3: LSTM | C3: =TEXT(Results_Table3!X7,"0.000")&" ± "&TEXT(Results_Table3!Y7,"0.000") -> 0.390 ± 0.027 | D3: =TEXT(Results_Table3!X8,"0.000")&" ± "&TEXT(Results_Table3!Y8,"0.000") -> 0.600 ± 0.044 | E3: =TEXT(Results_Table3!X9,"0.000")&" ± "&TEXT(Results_Table3!Y9,"0.000") -> 0.849 ± 0.034 | F3: =TEXT(Results_Table3!X10,"0.000")&" ± "&TEXT(Results_Table3!Y10,"0.000") -> 1.200 ± 0.078 | G3: =TEXT(Results_Table3!X11,"0.000")&" ± "&TEXT(Results_Table3!Y11,"0.000") -> 1.493 ± 0.081
A4: T | B4: Transformer | C4: =TEXT(Results_Table3!X12,"0.000")&" ± "&TEXT(Results_Table3!Y12,"0.000") -> 0.330 ± 0.039 | D4: =TEXT(Results_Table3!X13,"0.000")&" ± "&TEXT(Results_Table3!Y13,"0.000") -> 0.510 ± 0.032 | E4: =TEXT(Results_Table3!X14,"0.000")&" ± "&TEXT(Results_Table3!Y14,"0.000") -> 0.710 ± 0.039 | F4: =TEXT(Results_Table3!X15,"0.000")&" ± "&TEXT(Results_Table3!Y15,"0.000") -> 1.020 ± 0.142 | G4: =TEXT(Results_Table3!X16,"0.000")&" ± "&TEXT(Results_Table3!Y16,"0.000") -> 1.270 ± 0.029
A5: T | B5: Graph WaveNet | C5: =TEXT(Results_Table3!X17,"0.000")&" ± "&TEXT(Results_Table3!Y17,"0.000") -> 0.290 ± 0.014 | D5: =TEXT(Results_Table3!X18,"0.000")&" ± "&TEXT(Results_Table3!Y18,"0.000") -> 0.450 ± 0.035 | E5: =TEXT(Results_Table3!X19,"0.000")&" ± "&TEXT(Results_Table3!Y19,"0.000") -> 0.639 ± 0.036 | F5: =TEXT(Results_Table3!X20,"0.000")&" ± "&TEXT(Results_Table3!Y20,"0.000") -> 0.921 ± 0.094 | G5: =TEXT(Results_Table3!X21,"0.000")&" ± "&TEXT(Results_Table3!Y21,"0.000") -> 1.121 ± 0.053
A6: T | B6: DCRNN | C6: =TEXT(Results_Table3!X22,"0.000")&" ± "&TEXT(Results_Table3!Y22,"0.000") -> 0.260 ± 0.024 | D6: =TEXT(Results_Table3!X23,"0.000")&" ± "&TEXT(Results_Table3!Y23,"0.000") -> 0.390 ± 0.019 | E6: =TEXT(Results_Table3!X24,"0.000")&" ± "&TEXT(Results_Table3!Y24,"0.000") -> 0.570 ± 0.027 | F6: =TEXT(Results_Table3!X25,"0.000")&" ± "&TEXT(Results_Table3!Y25,"0.000") -> 0.840 ± 0.049 | G6: =TEXT(Results_Table3!X26,"0.000")&" ± "&TEXT(Results_Table3!Y26,"0.000") -> 1.013 ± 0.112
A7: T | B7: DANN-style | C7: =TEXT(Results_Table3!X27,"0.000")&" ± "&TEXT(Results_Table3!Y27,"0.000") -> 0.230 ± 0.015 | D7: =TEXT(Results_Table3!X28,"0.000")&" ± "&TEXT(Results_Table3!Y28,"0.000") -> 0.349 ± 0.033 | E7: =TEXT(Results_Table3!X29,"0.000")&" ± "&TEXT(Results_Table3!Y29,"0.000") -> 0.528 ± 0.025 | F7: =TEXT(Results_Table3!X30,"0.000")&" ± "&TEXT(Results_Table3!Y30,"0.000") -> 0.740 ± 0.016 | G7: =TEXT(Results_Table3!X31,"0.000")&" ± "&TEXT(Results_Table3!Y31,"0.000") -> 0.914 ± 0.100
A8: T | B8: Proposed | C8: =TEXT(Results_Table3!X32,"0.000")&" ± "&TEXT(Results_Table3!Y32,"0.000") -> 0.200 ± 0.003 | D8: =TEXT(Results_Table3!X33,"0.000")&" ± "&TEXT(Results_Table3!Y33,"0.000") -> 0.310 ± 0.016 | E8: =TEXT(Results_Table3!X34,"0.000")&" ± "&TEXT(Results_Table3!Y34,"0.000") -> 0.450 ± 0.026 | F8: =TEXT(Results_Table3!X35,"0.000")&" ± "&TEXT(Results_Table3!Y35,"0.000") -> 0.659 ± 0.036 | G8: =TEXT(Results_Table3!X36,"0.000")&" ± "&TEXT(Results_Table3!Y36,"0.000") -> 0.830 ± 0.060
A9: RH | B9: Persistence | C9: =TEXT(Results_Table3!X37,"0.000")&" ± "&TEXT(Results_Table3!Y37,"0.000") -> 5.395 ± 0.228 | D9: =TEXT(Results_Table3!X38,"0.000")&" ± "&TEXT(Results_Table3!Y38,"0.000") -> 8.577 ± 0.791 | E9: =TEXT(Results_Table3!X39,"0.000")&" ± "&TEXT(Results_Table3!Y39,"0.000") -> 12.189 ± 0.866 | F9: =TEXT(Results_Table3!X40,"0.000")&" ± "&TEXT(Results_Table3!Y40,"0.000") -> 16.366 ± 0.860 | G9: =TEXT(Results_Table3!X41,"0.000")&" ± "&TEXT(Results_Table3!Y41,"0.000") -> 20.222 ± 0.782
A10: RH | B10: LSTM | C10: =TEXT(Results_Table3!X42,"0.000")&" ± "&TEXT(Results_Table3!Y42,"0.000") -> 4.206 ± 0.369 | D10: =TEXT(Results_Table3!X43,"0.000")&" ± "&TEXT(Results_Table3!Y43,"0.000") -> 6.107 ± 0.655 | E10: =TEXT(Results_Table3!X44,"0.000")&" ± "&TEXT(Results_Table3!Y44,"0.000") -> 8.918 ± 0.817 | F10: =TEXT(Results_Table3!X45,"0.000")&" ± "&TEXT(Results_Table3!Y45,"0.000") -> 12.150 ± 0.998 | G10: =TEXT(Results_Table3!X46,"0.000")&" ± "&TEXT(Results_Table3!Y46,"0.000") -> 14.910 ± 1.582
A11: RH | B11: Transformer | C11: =TEXT(Results_Table3!X47,"0.000")&" ± "&TEXT(Results_Table3!Y47,"0.000") -> 3.601 ± 0.162 | D11: =TEXT(Results_Table3!X48,"0.000")&" ± "&TEXT(Results_Table3!Y48,"0.000") -> 5.202 ± 0.607 | E11: =TEXT(Results_Table3!X49,"0.000")&" ± "&TEXT(Results_Table3!Y49,"0.000") -> 7.618 ± 0.545 | F11: =TEXT(Results_Table3!X50,"0.000")&" ± "&TEXT(Results_Table3!Y50,"0.000") -> 10.502 ± 0.724 | G11: =TEXT(Results_Table3!X51,"0.000")&" ± "&TEXT(Results_Table3!Y51,"0.000") -> 12.888 ± 0.576
A12: RH | B12: Graph WaveNet | C12: =TEXT(Results_Table3!X52,"0.000")&" ± "&TEXT(Results_Table3!Y52,"0.000") -> 3.196 ± 0.108 | D12: =TEXT(Results_Table3!X53,"0.000")&" ± "&TEXT(Results_Table3!Y53,"0.000") -> 4.699 ± 0.178 | E12: =TEXT(Results_Table3!X54,"0.000")&" ± "&TEXT(Results_Table3!Y54,"0.000") -> 6.904 ± 0.484 | F12: =TEXT(Results_Table3!X55,"0.000")&" ± "&TEXT(Results_Table3!Y55,"0.000") -> 9.620 ± 0.362 | G12: =TEXT(Results_Table3!X56,"0.000")&" ± "&TEXT(Results_Table3!Y56,"0.000") -> 11.634 ± 0.899
A13: RH | B13: DCRNN | C13: =TEXT(Results_Table3!X57,"0.000")&" ± "&TEXT(Results_Table3!Y57,"0.000") -> 2.801 ± 0.312 | D13: =TEXT(Results_Table3!X58,"0.000")&" ± "&TEXT(Results_Table3!Y58,"0.000") -> 4.097 ± 0.674 | E13: =TEXT(Results_Table3!X59,"0.000")&" ± "&TEXT(Results_Table3!Y59,"0.000") -> 5.993 ± 0.244 | F13: =TEXT(Results_Table3!X60,"0.000")&" ± "&TEXT(Results_Table3!Y60,"0.000") -> 8.604 ± 0.586 | G13: =TEXT(Results_Table3!X61,"0.000")&" ± "&TEXT(Results_Table3!Y61,"0.000") -> 10.526 ± 1.087
A14: RH | B14: DANN-style | C14: =TEXT(Results_Table3!X62,"0.000")&" ± "&TEXT(Results_Table3!Y62,"0.000") -> 2.500 ± 0.178 | D14: =TEXT(Results_Table3!X63,"0.000")&" ± "&TEXT(Results_Table3!Y63,"0.000") -> 3.699 ± 0.255 | E14: =TEXT(Results_Table3!X64,"0.000")&" ± "&TEXT(Results_Table3!Y64,"0.000") -> 5.400 ± 0.171 | F14: =TEXT(Results_Table3!X65,"0.000")&" ± "&TEXT(Results_Table3!Y65,"0.000") -> 7.699 ± 0.513 | G14: =TEXT(Results_Table3!X66,"0.000")&" ± "&TEXT(Results_Table3!Y66,"0.000") -> 9.494 ± 0.752
A15: RH | B15: Proposed | C15: =TEXT(Results_Table3!X67,"0.000")&" ± "&TEXT(Results_Table3!Y67,"0.000") -> 2.201 ± 0.213 | D15: =TEXT(Results_Table3!X68,"0.000")&" ± "&TEXT(Results_Table3!Y68,"0.000") -> 3.300 ± 0.431 | E15: =TEXT(Results_Table3!X69,"0.000")&" ± "&TEXT(Results_Table3!Y69,"0.000") -> 4.791 ± 0.440 | F15: =TEXT(Results_Table3!X70,"0.000")&" ± "&TEXT(Results_Table3!Y70,"0.000") -> 6.920 ± 0.634 | G15: =TEXT(Results_Table3!X71,"0.000")&" ± "&TEXT(Results_Table3!Y71,"0.000") -> 8.503 ± 0.601
A16: P | B16: Persistence | C16: =TEXT(Results_Table3!X72,"0.000")&" ± "&TEXT(Results_Table3!Y72,"0.000") -> 0.540 ± 0.067 | D16: =TEXT(Results_Table3!X73,"0.000")&" ± "&TEXT(Results_Table3!Y73,"0.000") -> 0.870 ± 0.041 | E16: =TEXT(Results_Table3!X74,"0.000")&" ± "&TEXT(Results_Table3!Y74,"0.000") -> 1.248 ± 0.032 | F16: =TEXT(Results_Table3!X75,"0.000")&" ± "&TEXT(Results_Table3!Y75,"0.000") -> 1.642 ± 0.142 | G16: =TEXT(Results_Table3!X76,"0.000")&" ± "&TEXT(Results_Table3!Y76,"0.000") -> 2.049 ± 0.082
A17: P | B17: LSTM | C17: =TEXT(Results_Table3!X77,"0.000")&" ± "&TEXT(Results_Table3!Y77,"0.000") -> 0.440 ± 0.017 | D17: =TEXT(Results_Table3!X78,"0.000")&" ± "&TEXT(Results_Table3!Y78,"0.000") -> 0.690 ± 0.065 | E17: =TEXT(Results_Table3!X79,"0.000")&" ± "&TEXT(Results_Table3!Y79,"0.000") -> 0.960 ± 0.049 | F17: =TEXT(Results_Table3!X80,"0.000")&" ± "&TEXT(Results_Table3!Y80,"0.000") -> 1.271 ± 0.099 | G17: =TEXT(Results_Table3!X81,"0.000")&" ± "&TEXT(Results_Table3!Y81,"0.000") -> 1.539 ± 0.103
A18: P | B18: Transformer | C18: =TEXT(Results_Table3!X82,"0.000")&" ± "&TEXT(Results_Table3!Y82,"0.000") -> 0.370 ± 0.017 | D18: =TEXT(Results_Table3!X83,"0.000")&" ± "&TEXT(Results_Table3!Y83,"0.000") -> 0.580 ± 0.044 | E18: =TEXT(Results_Table3!X84,"0.000")&" ± "&TEXT(Results_Table3!Y84,"0.000") -> 0.831 ± 0.099 | F18: =TEXT(Results_Table3!X85,"0.000")&" ± "&TEXT(Results_Table3!Y85,"0.000") -> 1.118 ± 0.044 | G18: =TEXT(Results_Table3!X86,"0.000")&" ± "&TEXT(Results_Table3!Y86,"0.000") -> 1.350 ± 0.043
A19: P | B19: Graph WaveNet | C19: =TEXT(Results_Table3!X87,"0.000")&" ± "&TEXT(Results_Table3!Y87,"0.000") -> 0.340 ± 0.040 | D19: =TEXT(Results_Table3!X88,"0.000")&" ± "&TEXT(Results_Table3!Y88,"0.000") -> 0.540 ± 0.029 | E19: =TEXT(Results_Table3!X89,"0.000")&" ± "&TEXT(Results_Table3!Y89,"0.000") -> 0.759 ± 0.028 | F19: =TEXT(Results_Table3!X90,"0.000")&" ± "&TEXT(Results_Table3!Y90,"0.000") -> 1.029 ± 0.042 | G19: =TEXT(Results_Table3!X91,"0.000")&" ± "&TEXT(Results_Table3!Y91,"0.000") -> 1.221 ± 0.025
A20: P | B20: DCRNN | C20: =TEXT(Results_Table3!X92,"0.000")&" ± "&TEXT(Results_Table3!Y92,"0.000") -> 0.300 ± 0.017 | D20: =TEXT(Results_Table3!X93,"0.000")&" ± "&TEXT(Results_Table3!Y93,"0.000") -> 0.460 ± 0.015 | E20: =TEXT(Results_Table3!X94,"0.000")&" ± "&TEXT(Results_Table3!Y94,"0.000") -> 0.690 ± 0.032 | F20: =TEXT(Results_Table3!X95,"0.000")&" ± "&TEXT(Results_Table3!Y95,"0.000") -> 0.921 ± 0.088 | G20: =TEXT(Results_Table3!X96,"0.000")&" ± "&TEXT(Results_Table3!Y96,"0.000") -> 1.141 ± 0.060
A21: P | B21: DANN-style | C21: =TEXT(Results_Table3!X97,"0.000")&" ± "&TEXT(Results_Table3!Y97,"0.000") -> 0.271 ± 0.024 | D21: =TEXT(Results_Table3!X98,"0.000")&" ± "&TEXT(Results_Table3!Y98,"0.000") -> 0.421 ± 0.027 | E21: =TEXT(Results_Table3!X99,"0.000")&" ± "&TEXT(Results_Table3!Y99,"0.000") -> 0.630 ± 0.026 | F21: =TEXT(Results_Table3!X100,"0.000")&" ± "&TEXT(Results_Table3!Y100,"0.000") -> 0.871 ± 0.033 | G21: =TEXT(Results_Table3!X101,"0.000")&" ± "&TEXT(Results_Table3!Y101,"0.000") -> 1.072 ± 0.055
A22: P | B22: Proposed | C22: =TEXT(Results_Table3!X102,"0.000")&" ± "&TEXT(Results_Table3!Y102,"0.000") -> 0.240 ± 0.014 | D22: =TEXT(Results_Table3!X103,"0.000")&" ± "&TEXT(Results_Table3!Y103,"0.000") -> 0.379 ± 0.030 | E22: =TEXT(Results_Table3!X104,"0.000")&" ± "&TEXT(Results_Table3!Y104,"0.000") -> 0.550 ± 0.043 | F22: =TEXT(Results_Table3!X105,"0.000")&" ± "&TEXT(Results_Table3!Y105,"0.000") -> 0.791 ± 0.081 | G22: =TEXT(Results_Table3!X106,"0.000")&" ± "&TEXT(Results_Table3!Y106,"0.000") -> 0.973 ± 0.067
A23: E | B23: Persistence | C23: =TEXT(Results_Table3!X107,"0.000")&" ± "&TEXT(Results_Table3!Y107,"0.000") -> 0.230 ± 0.019 | D23: =TEXT(Results_Table3!X108,"0.000")&" ± "&TEXT(Results_Table3!Y108,"0.000") -> 0.350 ± 0.021 | E23: =TEXT(Results_Table3!X109,"0.000")&" ± "&TEXT(Results_Table3!Y109,"0.000") -> 0.491 ± 0.043 | F23: =TEXT(Results_Table3!X110,"0.000")&" ± "&TEXT(Results_Table3!Y110,"0.000") -> 0.651 ± 0.028 | G23: =TEXT(Results_Table3!X111,"0.000")&" ± "&TEXT(Results_Table3!Y111,"0.000") -> 0.800 ± 0.036
A24: E | B24: LSTM | C24: =TEXT(Results_Table3!X112,"0.000")&" ± "&TEXT(Results_Table3!Y112,"0.000") -> 0.180 ± 0.012 | D24: =TEXT(Results_Table3!X113,"0.000")&" ± "&TEXT(Results_Table3!Y113,"0.000") -> 0.281 ± 0.029 | E24: =TEXT(Results_Table3!X114,"0.000")&" ± "&TEXT(Results_Table3!Y114,"0.000") -> 0.380 ± 0.026 | F24: =TEXT(Results_Table3!X115,"0.000")&" ± "&TEXT(Results_Table3!Y115,"0.000") -> 0.508 ± 0.038 | G24: =TEXT(Results_Table3!X116,"0.000")&" ± "&TEXT(Results_Table3!Y116,"0.000") -> 0.610 ± 0.056
A25: E | B25: Transformer | C25: =TEXT(Results_Table3!X117,"0.000")&" ± "&TEXT(Results_Table3!Y117,"0.000") -> 0.150 ± 0.015 | D25: =TEXT(Results_Table3!X118,"0.000")&" ± "&TEXT(Results_Table3!Y118,"0.000") -> 0.240 ± 0.005 | E25: =TEXT(Results_Table3!X119,"0.000")&" ± "&TEXT(Results_Table3!Y119,"0.000") -> 0.330 ± 0.013 | F25: =TEXT(Results_Table3!X120,"0.000")&" ± "&TEXT(Results_Table3!Y120,"0.000") -> 0.441 ± 0.026 | G25: =TEXT(Results_Table3!X121,"0.000")&" ± "&TEXT(Results_Table3!Y121,"0.000") -> 0.529 ± 0.019
A26: E | B26: Graph WaveNet | C26: =TEXT(Results_Table3!X122,"0.000")&" ± "&TEXT(Results_Table3!Y122,"0.000") -> 0.140 ± 0.007 | D26: =TEXT(Results_Table3!X123,"0.000")&" ± "&TEXT(Results_Table3!Y123,"0.000") -> 0.219 ± 0.026 | E26: =TEXT(Results_Table3!X124,"0.000")&" ± "&TEXT(Results_Table3!Y124,"0.000") -> 0.301 ± 0.026 | F26: =TEXT(Results_Table3!X125,"0.000")&" ± "&TEXT(Results_Table3!Y125,"0.000") -> 0.407 ± 0.057 | G26: =TEXT(Results_Table3!X126,"0.000")&" ± "&TEXT(Results_Table3!Y126,"0.000") -> 0.480 ± 0.057
A27: E | B27: DCRNN | C27: =TEXT(Results_Table3!X127,"0.000")&" ± "&TEXT(Results_Table3!Y127,"0.000") -> 0.120 ± 0.006 | D27: =TEXT(Results_Table3!X128,"0.000")&" ± "&TEXT(Results_Table3!Y128,"0.000") -> 0.190 ± 0.008 | E27: =TEXT(Results_Table3!X129,"0.000")&" ± "&TEXT(Results_Table3!Y129,"0.000") -> 0.270 ± 0.035 | F27: =TEXT(Results_Table3!X130,"0.000")&" ± "&TEXT(Results_Table3!Y130,"0.000") -> 0.359 ± 0.043 | G27: =TEXT(Results_Table3!X131,"0.000")&" ± "&TEXT(Results_Table3!Y131,"0.000") -> 0.439 ± 0.058
A28: E | B28: DANN-style | C28: =TEXT(Results_Table3!X132,"0.000")&" ± "&TEXT(Results_Table3!Y132,"0.000") -> 0.110 ± 0.005 | D28: =TEXT(Results_Table3!X133,"0.000")&" ± "&TEXT(Results_Table3!Y133,"0.000") -> 0.169 ± 0.019 | E28: =TEXT(Results_Table3!X134,"0.000")&" ± "&TEXT(Results_Table3!Y134,"0.000") -> 0.240 ± 0.020 | F28: =TEXT(Results_Table3!X135,"0.000")&" ± "&TEXT(Results_Table3!Y135,"0.000") -> 0.340 ± 0.019 | G28: =TEXT(Results_Table3!X136,"0.000")&" ± "&TEXT(Results_Table3!Y136,"0.000") -> 0.410 ± 0.029
A29: E | B29: Proposed | C29: =TEXT(Results_Table3!X137,"0.000")&" ± "&TEXT(Results_Table3!Y137,"0.000") -> 0.100 ± 0.006 | D29: =TEXT(Results_Table3!X138,"0.000")&" ± "&TEXT(Results_Table3!Y138,"0.000") -> 0.150 ± 0.014 | E29: =TEXT(Results_Table3!X139,"0.000")&" ± "&TEXT(Results_Table3!Y139,"0.000") -> 0.220 ± 0.021 | F29: =TEXT(Results_Table3!X140,"0.000")&" ± "&TEXT(Results_Table3!Y140,"0.000") -> 0.310 ± 0.013 | G29: =TEXT(Results_Table3!X141,"0.000")&" ± "&TEXT(Results_Table3!Y141,"0.000") -> 0.379 ± 0.037
A30: PM2.5 | B30: Persistence | C30: =TEXT(Results_Table3!X142,"0.000")&" ± "&TEXT(Results_Table3!Y142,"0.000") -> 5.587 ± 0.329 | D30: =TEXT(Results_Table3!X143,"0.000")&" ± "&TEXT(Results_Table3!Y143,"0.000") -> 9.497 ± 0.640 | E30: =TEXT(Results_Table3!X144,"0.000")&" ± "&TEXT(Results_Table3!Y144,"0.000") -> 13.203 ± 0.594 | F30: =TEXT(Results_Table3!X145,"0.000")&" ± "&TEXT(Results_Table3!Y145,"0.000") -> 17.380 ± 1.385 | G30: =TEXT(Results_Table3!X146,"0.000")&" ± "&TEXT(Results_Table3!Y146,"0.000") -> 20.388 ± 1.015
A31: PM2.5 | B31: LSTM | C31: =TEXT(Results_Table3!X147,"0.000")&" ± "&TEXT(Results_Table3!Y147,"0.000") -> 4.374 ± 0.412 | D31: =TEXT(Results_Table3!X148,"0.000")&" ± "&TEXT(Results_Table3!Y148,"0.000") -> 6.916 ± 0.553 | E31: =TEXT(Results_Table3!X149,"0.000")&" ± "&TEXT(Results_Table3!Y149,"0.000") -> 9.619 ± 0.426 | F31: =TEXT(Results_Table3!X150,"0.000")&" ± "&TEXT(Results_Table3!Y150,"0.000") -> 12.878 ± 1.104 | G31: =TEXT(Results_Table3!X151,"0.000")&" ± "&TEXT(Results_Table3!Y151,"0.000") -> 15.278 ± 1.537
A32: PM2.5 | B32: Transformer | C32: =TEXT(Results_Table3!X152,"0.000")&" ± "&TEXT(Results_Table3!Y152,"0.000") -> 3.676 ± 0.307 | D32: =TEXT(Results_Table3!X153,"0.000")&" ± "&TEXT(Results_Table3!Y153,"0.000") -> 5.806 ± 0.525 | E32: =TEXT(Results_Table3!X154,"0.000")&" ± "&TEXT(Results_Table3!Y154,"0.000") -> 7.922 ± 0.790 | F32: =TEXT(Results_Table3!X155,"0.000")&" ± "&TEXT(Results_Table3!Y155,"0.000") -> 10.899 ± 0.754 | G32: =TEXT(Results_Table3!X156,"0.000")&" ± "&TEXT(Results_Table3!Y156,"0.000") -> 12.793 ± 0.451
A33: PM2.5 | B33: Graph WaveNet | C33: =TEXT(Results_Table3!X157,"0.000")&" ± "&TEXT(Results_Table3!Y157,"0.000") -> 3.296 ± 0.271 | D33: =TEXT(Results_Table3!X158,"0.000")&" ± "&TEXT(Results_Table3!Y158,"0.000") -> 5.203 ± 0.323 | E33: =TEXT(Results_Table3!X159,"0.000")&" ± "&TEXT(Results_Table3!Y159,"0.000") -> 7.219 ± 0.300 | F33: =TEXT(Results_Table3!X160,"0.000")&" ± "&TEXT(Results_Table3!Y160,"0.000") -> 9.898 ± 0.302 | G33: =TEXT(Results_Table3!X161,"0.000")&" ± "&TEXT(Results_Table3!Y161,"0.000") -> 11.505 ± 0.752
A34: PM2.5 | B34: DCRNN | C34: =TEXT(Results_Table3!X162,"0.000")&" ± "&TEXT(Results_Table3!Y162,"0.000") -> 2.900 ± 0.089 | D34: =TEXT(Results_Table3!X163,"0.000")&" ± "&TEXT(Results_Table3!Y163,"0.000") -> 4.485 ± 0.497 | E34: =TEXT(Results_Table3!X164,"0.000")&" ± "&TEXT(Results_Table3!Y164,"0.000") -> 6.394 ± 0.475 | F34: =TEXT(Results_Table3!X165,"0.000")&" ± "&TEXT(Results_Table3!Y165,"0.000") -> 8.703 ± 1.052 | G34: =TEXT(Results_Table3!X166,"0.000")&" ± "&TEXT(Results_Table3!Y166,"0.000") -> 10.292 ± 0.720
A35: PM2.5 | B35: DANN-style | C35: =TEXT(Results_Table3!X167,"0.000")&" ± "&TEXT(Results_Table3!Y167,"0.000") -> 2.598 ± 0.095 | D35: =TEXT(Results_Table3!X168,"0.000")&" ± "&TEXT(Results_Table3!Y168,"0.000") -> 4.103 ± 0.297 | E35: =TEXT(Results_Table3!X169,"0.000")&" ± "&TEXT(Results_Table3!Y169,"0.000") -> 5.802 ± 0.578 | F35: =TEXT(Results_Table3!X170,"0.000")&" ± "&TEXT(Results_Table3!Y170,"0.000") -> 7.801 ± 0.375 | G35: =TEXT(Results_Table3!X171,"0.000")&" ± "&TEXT(Results_Table3!Y171,"0.000") -> 9.300 ± 0.325
A36: PM2.5 | B36: Proposed | C36: =TEXT(Results_Table3!X172,"0.000")&" ± "&TEXT(Results_Table3!Y172,"0.000") -> 2.301 ± 0.191 | D36: =TEXT(Results_Table3!X173,"0.000")&" ± "&TEXT(Results_Table3!Y173,"0.000") -> 3.705 ± 0.241 | E36: =TEXT(Results_Table3!X174,"0.000")&" ± "&TEXT(Results_Table3!Y174,"0.000") -> 5.291 ± 0.469 | F36: =TEXT(Results_Table3!X175,"0.000")&" ± "&TEXT(Results_Table3!Y175,"0.000") -> 7.091 ± 0.723 | G36: =TEXT(Results_Table3!X176,"0.000")&" ± "&TEXT(Results_Table3!Y176,"0.000") -> 8.433 ± 0.817
